Runtime,Bytes Transmitted,Instant Frame Time (ms),Instant FPS,Avg Frame Time (ms),Avg FPS,Temperature (C),Framesize,Voltage
74376,46064,32552,0.03,11911,0.08,63.33,1280x720,Unknown
74566,45842,189,5.29,9957,0.10,63.33,1280x720,Unknown
75008,47416,442,2.26,8598,0.12,63.33,1280x720,Unknown
75188,43580,179,5.59,7545,0.13,63.33,1280x720,Unknown
75392,46551,204,4.90,6730,0.15,63.33,1280x720,Unknown
75624,47772,231,4.33,6080,0.16,63.33,1280x720,Unknown
75797,45165,172,5.81,5543,0.18,63.33,1280x720,Unknown
76006,45033,209,4.78,5098,0.20,63.33,1280x720,Unknown
76221,45363,214,4.67,4722,0.21,63.33,1280x720,Unknown
76425,43127,204,4.90,4400,0.23,63.33,1280x720,Unknown
76607,42964,181,5.52,4118,0.24,63.33,1280x720,Unknown
76787,45514,180,5.56,3872,0.26,63.33,1280x720,Unknown
76992,47390,205,4.88,3656,0.27,63.33,1280x720,Unknown
77197,44200,204,4.90,3465,0.29,63.33,1280x720,Unknown
77389,47427,191,5.24,3292,0.30,63.89,1280x720,Unknown
77624,45941,235,4.26,3139,0.32,63.33,1280x720,Unknown
77873,45729,248,4.03,2492,0.40,63.89,1280x720,Unknown
78077,45636,204,4.90,2463,0.41,63.33,1280x720,Unknown
78308,46932,230,4.35,1862,0.54,63.33,1280x720,Unknown
78548,47249,240,4.17,1835,0.54,63.89,1280x720,Unknown
78752,46093,203,4.93,218,4.59,63.89,1280x720,Unknown
78975,47380,222,4.50,219,4.57,63.33,1280x720,Unknown
79249,48848,273,3.66,211,4.74,63.33,1280x720,Unknown
79453,47377,204,4.90,212,4.72,63.33,1280x720,Unknown
80035,51679,582,1.72,231,4.33,63.89,1280x720,Unknown
80244,47295,208,4.81,230,4.35,63.33,1280x720,Unknown
80508,47148,263,3.80,235,4.26,63.89,1280x720,Unknown
80716,46642,208,4.81,234,4.27,63.33,1280x720,Unknown
80944,49578,227,4.41,235,4.26,63.33,1280x720,Unknown
81204,48859,260,3.85,238,4.20,63.89,1280x720,Unknown
81476,49498,271,3.69,242,4.13,63.89,1280x720,Unknown
81828,50706,352,2.84,251,3.98,63.33,1280x720,Unknown
82092,47779,263,3.80,254,3.94,63.89,1280x720,Unknown
82380,47939,288,3.47,258,3.88,63.89,1280x720,Unknown
82692,51294,311,3.22,264,3.79,63.89,1280x720,Unknown
83071,49180,379,2.64,271,3.69,63.89,1280x720,Unknown
83508,48353,436,2.29,281,3.56,63.89,1280x720,Unknown
83956,48817,447,2.24,293,3.41,63.89,1280x720,Unknown
84856,46601,900,1.11,326,3.07,63.89,1280x720,Unknown
85163,49692,306,3.27,330,3.03,63.89,1280x720,Unknown
85484,47313,320,3.12,336,2.98,63.89,1280x720,Unknown
85728,46529,243,4.12,337,2.97,63.89,1280x720,Unknown
85968,48570,240,4.17,335,2.99,63.89,1280x720,Unknown
86339,48591,371,2.70,343,2.92,63.89,1280x720,Unknown
86553,50476,213,4.69,325,3.08,63.89,1280x720,Unknown
86915,46713,362,2.76,333,3.00,63.89,1280x720,Unknown
87260,47458,345,2.90,337,2.97,63.89,1280x720,Unknown
87648,43837,387,2.58,346,2.89,64.44,1280x720,Unknown
87977,46037,329,3.04,351,2.85,64.44,1280x720,Unknown
88248,47720,270,3.70,351,2.85,63.89,1280x720,Unknown
88479,47916,231,4.33,349,2.87,63.89,1280x720,Unknown
88824,47111,344,2.91,349,2.87,64.44,1280x720,Unknown
89048,45556,223,4.48,347,2.88,63.89,1280x720,Unknown
89356,49669,307,3.26,348,2.87,64.44,1280x720,Unknown
89552,47508,195,5.13,342,2.92,64.44,1280x720,Unknown
89824,49247,272,3.68,337,2.97,64.44,1280x720,Unknown
90112,49321,287,3.48,329,3.04,64.44,1280x720,Unknown
90480,49087,368,2.72,325,3.08,64.44,1280x720,Unknown
90976,48312,495,2.02,305,3.28,63.89,1280x720,Unknown
91272,46445,296,3.38,304,3.29,64.44,1280x720,Unknown
91556,47871,283,3.53,303,3.30,64.44,1280x720,Unknown
91768,47912,212,4.72,301,3.32,64.44,1280x720,Unknown
92118,50449,349,2.87,306,3.27,64.44,1280x720,Unknown
92396,46884,278,3.60,302,3.31,64.44,1280x720,Unknown
92836,48312,439,2.28,313,3.19,64.44,1280x720,Unknown
93236,47662,400,2.50,315,3.17,65.00,1280x720,Unknown
93468,48252,231,4.33,309,3.24,64.44,1280x720,Unknown
93879,47928,411,2.43,311,3.22,64.44,1280x720,Unknown
94179,48081,300,3.33,309,3.24,64.44,1280x720,Unknown
94480,47529,300,3.33,311,3.22,64.44,1280x720,Unknown
94727,46814,247,4.05,311,3.22,64.44,1280x720,Unknown
95008,48317,280,3.57,308,3.25,64.44,1280x720,Unknown
95337,47499,328,3.05,313,3.19,65.00,1280x720,Unknown
95571,48014,234,4.27,310,3.23,64.44,1280x720,Unknown
95876,48279,304,3.29,315,3.17,64.44,1280x720,Unknown
96661,48701,785,1.27,341,2.93,64.44,1280x720,Unknown
96997,46790,335,2.99,343,2.92,65.00,1280x720,Unknown
97315,47264,318,3.14,341,2.93,65.00,1280x720,Unknown
97809,47355,493,2.03,341,2.93,65.00,1280x720,Unknown
98128,47766,318,3.14,342,2.92,65.00,1280x720,Unknown
98548,48212,419,2.39,349,2.87,65.00,1280x720,Unknown
98867,46914,319,3.13,354,2.82,64.44,1280x720,Unknown
99220,48239,352,2.84,354,2.82,65.00,1280x720,Unknown
99740,48477,519,1.93,366,2.73,64.44,1280x720,Unknown
100003,46392,263,3.80,357,2.80,65.00,1280x720,Unknown
100396,47795,392,2.55,357,2.80,65.00,1280x720,Unknown
100692,47300,296,3.38,360,2.78,65.00,1280x720,Unknown
100915,46478,222,4.50,351,2.85,64.44,1280x720,Unknown
101292,48012,376,2.66,355,2.82,65.00,1280x720,Unknown
101716,48789,424,2.36,361,2.77,65.00,1280x720,Unknown
102256,50664,540,1.85,375,2.67,65.00,1280x720,Unknown
102520,48051,263,3.80,375,2.67,65.00,1280x720,Unknown
102820,48704,299,3.34,373,2.68,65.00,1280x720,Unknown
103068,47871,248,4.03,374,2.67,65.00,1280x720,Unknown
103411,52827,342,2.92,376,2.66,65.00,1280x720,Unknown
103761,55088,350,2.86,354,2.82,65.56,1280x720,Unknown
104091,46133,329,3.04,354,2.82,65.00,1280x720,Unknown
104351,47068,260,3.85,351,2.85,65.00,1280x720,Unknown
104671,47466,319,3.13,342,2.92,65.00,1280x720,Unknown
104876,47966,204,4.90,336,2.98,65.00,1280x720,Unknown
105144,49160,268,3.73,329,3.04,65.56,1280x720,Unknown
105505,48580,361,2.77,331,3.02,65.00,1280x720,Unknown
105807,46793,301,3.32,328,3.05,65.00,1280x720,Unknown
106107,47734,300,3.33,317,3.15,65.00,1280x720,Unknown
106381,47352,273,3.66,318,3.14,65.00,1280x720,Unknown
106640,49743,259,3.86,311,3.22,65.00,1280x720,Unknown
106968,49405,328,3.05,313,3.19,65.56,1280x720,Unknown
107251,48304,283,3.53,316,3.16,65.00,1280x720,Unknown
107451,48595,199,5.03,307,3.26,65.00,1280x720,Unknown
107854,50768,402,2.49,306,3.27,65.56,1280x720,Unknown
108093,47445,238,4.20,291,3.44,65.56,1280x720,Unknown
108440,48562,347,2.88,295,3.39,65.56,1280x720,Unknown
108816,46541,376,2.66,299,3.34,65.56,1280x720,Unknown
109202,47610,385,2.60,306,3.27,65.00,1280x720,Unknown
109459,47796,257,3.89,301,3.32,65.56,1280x720,Unknown
109658,48743,198,5.05,294,3.40,65.56,1280x720,Unknown
109903,52796,244,4.10,290,3.45,65.56,1280x720,Unknown
110156,49832,253,3.95,289,3.46,65.56,1280x720,Unknown
110435,48280,279,3.58,287,3.48,65.56,1280x720,Unknown
110684,48940,248,4.03,289,3.46,65.56,1280x720,Unknown
110928,50236,243,4.12,288,3.47,65.56,1280x720,Unknown
111307,47498,379,2.64,289,3.46,65.56,1280x720,Unknown
111519,47482,211,4.74,285,3.51,65.56,1280x720,Unknown
112264,50037,744,1.34,307,3.26,65.56,1280x720,Unknown
112571,46335,306,3.27,308,3.25,65.56,1280x720,Unknown
112906,51160,335,2.99,312,3.21,65.56,1280x720,Unknown
113297,48070,391,2.56,315,3.17,65.56,1280x720,Unknown
113680,48799,382,2.62,320,3.12,66.11,1280x720,Unknown
113958,49789,278,3.60,324,3.09,65.56,1280x720,Unknown
114521,47612,562,1.78,332,3.01,65.56,1280x720,Unknown
114959,48337,437,2.29,342,2.92,65.56,1280x720,Unknown
115323,46659,363,2.75,343,2.92,65.56,1280x720,Unknown
115731,46380,408,2.45,345,2.90,65.56,1280x720,Unknown
116084,47802,352,2.84,343,2.92,65.56,1280x720,Unknown
116363,48788,279,3.58,344,2.91,65.56,1280x720,Unknown
116657,47837,294,3.40,349,2.87,66.11,1280x720,Unknown
116895,50447,237,4.22,349,2.87,65.56,1280x720,Unknown
117216,50232,320,3.12,352,2.84,65.56,1280x720,Unknown
117624,50702,407,2.46,358,2.79,65.56,1280x720,Unknown
118048,46889,424,2.36,367,2.72,66.11,1280x720,Unknown
118439,47107,390,2.56,374,2.67,65.56,1280x720,Unknown
118788,49738,349,2.87,373,2.68,65.56,1280x720,Unknown
119083,47988,295,3.39,377,2.65,65.56,1280x720,Unknown
119315,50960,231,4.33,352,2.84,66.11,1280x720,Unknown
119693,52526,378,2.65,355,2.82,66.11,1280x720,Unknown
120037,47891,343,2.92,356,2.81,66.11,1280x720,Unknown
120759,47675,722,1.39,372,2.69,65.56,1280x720,Unknown
121063,46490,303,3.30,368,2.72,66.11,1280x720,Unknown
121437,50120,374,2.67,373,2.68,66.11,1280x720,Unknown
121756,47782,319,3.13,361,2.77,66.11,1280x720,Unknown
122049,49148,293,3.41,354,2.82,66.11,1280x720,Unknown
122366,51569,317,3.15,351,2.85,66.11,1280x720,Unknown
122832,52588,465,2.15,354,2.82,66.11,1280x720,Unknown
123356,52976,523,1.91,363,2.75,66.11,1280x720,Unknown
123714,47017,358,2.79,367,2.72,66.11,1280x720,Unknown
124051,49715,336,2.98,369,2.71,66.11,1280x720,Unknown
124303,49029,252,3.97,369,2.71,66.11,1280x720,Unknown
124627,50361,323,3.10,370,2.70,66.11,1280x720,Unknown
124890,49803,263,3.80,362,2.76,66.67,1280x720,Unknown
125183,50935,293,3.41,356,2.81,66.11,1280x720,Unknown
125501,48999,317,3.15,352,2.84,66.11,1280x720,Unknown
125707,45339,206,4.85,345,2.90,66.11,1280x720,Unknown
125987,50129,280,3.57,344,2.91,66.11,1280x720,Unknown
126250,47178,262,3.82,346,2.89,66.67,1280x720,Unknown
126863,46784,612,1.63,358,2.79,66.11,1280x720,Unknown
127169,53379,305,3.28,356,2.81,66.67,1280x720,Unknown
127388,48859,218,4.59,330,3.03,66.11,1280x720,Unknown
127691,46674,303,3.30,330,3.03,66.67,1280x720,Unknown
127959,46264,268,3.73,325,3.08,66.67,1280x720,Unknown
128211,48155,252,3.97,322,3.11,66.67,1280x720,Unknown
128619,51324,408,2.45,328,3.05,66.67,1280x720,Unknown
128862,50259,243,4.12,324,3.09,66.67,1280x720,Unknown
129636,48561,773,1.29,339,2.95,66.67,1280x720,Unknown
129842,48134,206,4.85,323,3.10,66.67,1280x720,Unknown
130091,53373,248,4.03,318,3.14,66.67,1280x720,Unknown
130507,54330,416,2.40,322,3.11,66.67,1280x720,Unknown
130808,48567,300,3.33,324,3.09,66.67,1280x720,Unknown
131136,48772,327,3.06,325,3.08,66.67,1280x720,Unknown
131414,47495,278,3.60,325,3.08,66.67,1280x720,Unknown
131695,47607,280,3.57,325,3.08,66.67,1280x720,Unknown
131899,49952,204,4.90,319,3.13,66.67,1280x720,Unknown
132195,48204,296,3.38,323,3.10,66.67,1280x720,Unknown
132414,49269,219,4.57,320,3.12,67.22,1280x720,Unknown
132787,48223,372,2.69,326,3.07,66.67,1280x720,Unknown
133283,47277,496,2.02,320,3.12,66.67,1280x720,Unknown
133583,45672,299,3.34,320,3.12,66.67,1280x720,Unknown
133826,48792,243,4.12,321,3.12,67.22,1280x720,Unknown
134120,49510,293,3.41,321,3.12,66.67,1280x720,Unknown
134395,50603,274,3.65,321,3.12,66.67,1280x720,Unknown
134655,48952,260,3.85,321,3.12,67.22,1280x720,Unknown
134950,47980,295,3.39,316,3.16,66.67,1280x720,Unknown
135215,49352,264,3.79,317,3.15,66.67,1280x720,Unknown
135462,48758,247,4.05,290,3.45,67.22,1280x720,Unknown
135769,51657,306,3.27,295,3.39,66.67,1280x720,Unknown
136142,46667,373,2.68,302,3.31,66.67,1280x720,Unknown
136515,47203,372,2.69,299,3.34,67.22,1280x720,Unknown
136806,48591,291,3.44,299,3.34,66.67,1280x720,Unknown
137102,47358,295,3.39,297,3.37,67.22,1280x720,Unknown
137383,47347,280,3.57,297,3.37,66.67,1280x720,Unknown
137641,48609,258,3.88,296,3.38,67.22,1280x720,Unknown
137863,47825,221,4.52,297,3.37,66.67,1280x720,Unknown
138103,47739,239,4.18,294,3.40,66.67,1280x720,Unknown
138335,47663,232,4.31,295,3.39,66.67,1280x720,Unknown
138675,48469,339,2.95,293,3.41,66.67,1280x720,Unknown
138899,48138,224,4.46,280,3.57,66.67,1280x720,Unknown
139271,48987,372,2.69,283,3.53,66.67,1280x720,Unknown
139495,48788,223,4.48,282,3.55,66.67,1280x720,Unknown
139779,49471,283,3.53,282,3.55,67.22,1280x720,Unknown
140210,54531,431,2.32,290,3.45,67.22,1280x720,Unknown
140447,47066,236,4.24,289,3.46,66.67,1280x720,Unknown
140642,47478,195,5.13,284,3.52,67.22,1280x720,Unknown
140900,50959,258,3.88,283,3.53,67.22,1280x720,Unknown
141190,47138,289,3.46,285,3.51,66.67,1280x720,Unknown
141447,49429,257,3.89,283,3.53,67.22,1280x720,Unknown
141693,47964,245,4.08,277,3.61,66.67,1280x720,Unknown
141950,49224,257,3.89,271,3.69,66.67,1280x720,Unknown
142226,47667,276,3.62,270,3.70,67.22,1280x720,Unknown
142494,46913,268,3.73,269,3.72,67.22,1280x720,Unknown
142761,48994,267,3.75,268,3.73,66.67,1280x720,Unknown
142993,48449,231,4.33,267,3.75,67.22,1280x720,Unknown
143315,49860,321,3.12,272,3.68,67.22,1280x720,Unknown
143588,47447,273,3.66,273,3.66,67.22,1280x720,Unknown
143859,51282,270,3.70,275,3.64,67.22,1280x720,Unknown
144126,51106,267,3.75,272,3.68,67.22,1280x720,Unknown
144478,50435,352,2.84,278,3.60,67.22,1280x720,Unknown
144735,49693,256,3.91,272,3.68,67.22,1280x720,Unknown
144977,48052,241,4.15,273,3.66,67.22,1280x720,Unknown
145170,48553,193,5.18,269,3.72,67.22,1280x720,Unknown
145374,48253,203,4.93,257,3.89,67.22,1280x720,Unknown
145571,48583,197,5.08,255,3.92,67.22,1280x720,Unknown
145810,52337,239,4.18,258,3.88,67.22,1280x720,Unknown
146038,49737,228,4.39,256,3.91,67.78,1280x720,Unknown
146358,48334,320,3.12,258,3.88,67.22,1280x720,Unknown
146577,47757,219,4.57,256,3.91,67.22,1280x720,Unknown
147222,52989,644,1.55,276,3.62,67.22,1280x720,Unknown
147517,46332,294,3.40,277,3.61,67.22,1280x720,Unknown
147818,46490,301,3.32,279,3.58,67.22,1280x720,Unknown
148046,46815,227,4.41,277,3.61,67.22,1280x720,Unknown
148319,50083,273,3.66,277,3.61,67.22,1280x720,Unknown
148586,47084,266,3.76,279,3.58,67.22,1280x720,Unknown
148867,49006,281,3.56,277,3.61,67.22,1280x720,Unknown
149127,50674,259,3.86,276,3.62,67.22,1280x720,Unknown
149323,50459,195,5.13,272,3.68,67.78,1280x720,Unknown
149598,49819,275,3.64,273,3.66,67.22,1280x720,Unknown
149814,47380,216,4.63,266,3.76,67.78,1280x720,Unknown
150011,51817,196,5.10,263,3.80,67.78,1280x720,Unknown
150339,53398,328,3.05,267,3.75,67.78,1280x720,Unknown
150618,46757,278,3.60,271,3.69,67.22,1280x720,Unknown
151059,46854,440,2.27,283,3.53,67.78,1280x720,Unknown
151343,48442,284,3.52,288,3.47,67.78,1280x720,Unknown
151662,49145,319,3.13,292,3.42,67.78,1280x720,Unknown
151890,48070,227,4.41,292,3.42,67.78,1280x720,Unknown
152158,50894,267,3.75,289,3.46,67.78,1280x720,Unknown
152471,48630,312,3.21,294,3.40,67.22,1280x720,Unknown
152718,49236,247,4.05,274,3.65,67.22,1280x720,Unknown
152934,47928,215,4.65,270,3.70,67.78,1280x720,Unknown
153206,51695,272,3.68,268,3.73,67.78,1280x720,Unknown
153431,47930,224,4.46,268,3.73,67.78,1280x720,Unknown
153650,47646,219,4.57,266,3.76,68.33,1280x720,Unknown
153886,47898,235,4.26,264,3.79,68.33,1280x720,Unknown
154382,51082,496,2.02,275,3.64,67.78,1280x720,Unknown
154706,46429,324,3.09,278,3.60,67.78,1280x720,Unknown
154929,47655,222,4.50,279,3.58,67.78,1280x720,Unknown
155182,52122,252,3.97,278,3.60,67.78,1280x720,Unknown
155518,48280,336,2.98,284,3.52,67.78,1280x720,Unknown
155729,49214,211,4.74,285,3.51,67.78,1280x720,Unknown
155946,49002,217,4.61,279,3.58,67.78,1280x720,Unknown
156222,48463,275,3.64,279,3.58,67.78,1280x720,Unknown
156426,49731,204,4.90,267,3.75,67.78,1280x720,Unknown
156678,48633,251,3.98,266,3.76,67.78,1280x720,Unknown
156970,49969,291,3.44,264,3.79,67.78,1280x720,Unknown
157338,48391,367,2.72,271,3.69,67.78,1280x720,Unknown
157666,51715,328,3.05,274,3.65,67.78,1280x720,Unknown
157966,47646,299,3.34,274,3.65,67.78,1280x720,Unknown
158205,46642,239,4.18,273,3.66,67.78,1280x720,Unknown
158473,46128,268,3.73,276,3.62,67.78,1280x720,Unknown
158662,47114,188,5.32,272,3.68,67.78,1280x720,Unknown
158886,50156,224,4.46,272,3.68,67.78,1280x720,Unknown
159165,47514,279,3.58,275,3.64,67.78,1280x720,Unknown
159407,48354,242,4.13,275,3.64,68.33,1280x720,Unknown
159788,47696,380,2.63,269,3.72,67.78,1280x720,Unknown
160233,48441,445,2.25,275,3.64,67.78,1280x720,Unknown
160534,45352,300,3.33,279,3.58,67.78,1280x720,Unknown
160849,45783,315,3.17,282,3.55,68.33,1280x720,Unknown
161126,45714,277,3.61,280,3.57,67.78,1280x720,Unknown
161384,49767,257,3.89,282,3.55,67.78,1280x720,Unknown
161677,48181,293,3.41,286,3.50,67.78,1280x720,Unknown
161922,46913,244,4.10,284,3.52,67.78,1280x720,Unknown
162218,49843,295,3.39,289,3.46,67.78,1280x720,Unknown
162496,50569,278,3.60,290,3.45,67.78,1280x720,Unknown
162750,49258,254,3.94,288,3.47,68.33,1280x720,Unknown
163212,50815,461,2.17,293,3.41,67.78,1280x720,Unknown
163450,46201,237,4.22,288,3.47,67.78,1280x720,Unknown
163724,48585,274,3.65,287,3.48,67.78,1280x720,Unknown
163973,45900,249,4.02,288,3.47,68.33,1280x720,Unknown
164318,47518,344,2.91,291,3.44,68.33,1280x720,Unknown
164518,48350,200,5.00,292,3.42,68.33,1280x720,Unknown
164749,49061,231,4.33,292,3.42,68.33,1280x720,Unknown
165011,51457,262,3.82,291,3.44,68.33,1280x720,Unknown
165245,49771,233,4.29,291,3.44,68.33,1280x720,Unknown
165530,49349,284,3.52,286,3.50,67.78,1280x720,Unknown
165733,48352,203,4.93,274,3.65,68.33,1280x720,Unknown
165978,51101,245,4.08,271,3.69,68.33,1280x720,Unknown
166314,49222,335,2.99,272,3.68,68.33,1280x720,Unknown
166538,51576,223,4.48,270,3.70,68.33,1280x720,Unknown
166790,50681,251,3.98,269,3.72,68.33,1280x720,Unknown
167029,52692,239,4.18,267,3.75,68.33,1280x720,Unknown
167322,49109,292,3.42,269,3.72,68.33,1280x720,Unknown
167654,48849,331,3.02,271,3.69,68.33,1280x720,Unknown
167925,47318,271,3.69,270,3.70,68.33,1280x720,Unknown
168254,53670,328,3.05,274,3.65,68.33,1280x720,Unknown
168514,47334,260,3.85,264,3.79,68.33,1280x720,Unknown
168785,46322,271,3.69,266,3.76,68.33,1280x720,Unknown
169034,47691,248,4.03,265,3.77,68.33,1280x720,Unknown
169292,52561,258,3.88,265,3.77,68.33,1280x720,Unknown
169534,50280,241,4.15,260,3.85,68.33,1280x720,Unknown
169778,49688,244,4.10,262,3.82,68.33,1280x720,Unknown
170046,49509,267,3.75,264,3.79,68.89,1280x720,Unknown
170254,47256,207,4.83,261,3.83,68.33,1280x720,Unknown
170512,49403,258,3.88,262,3.82,68.33,1280x720,Unknown
170821,48647,308,3.25,264,3.79,68.89,1280x720,Unknown
171051,49163,230,4.35,265,3.77,68.33,1280x720,Unknown
171321,47043,269,3.72,266,3.76,68.33,1280x720,Unknown
171671,53935,349,2.87,267,3.75,68.33,1280x720,Unknown
171953,50578,282,3.55,270,3.70,68.33,1280x720,Unknown
172178,49710,225,4.44,268,3.73,68.89,1280x720,Unknown
172458,52530,279,3.58,270,3.70,68.89,1280x720,Unknown
172746,49895,288,3.47,270,3.70,68.89,1280x720,Unknown
173001,49356,254,3.94,266,3.76,68.33,1280x720,Unknown
173276,51878,275,3.64,267,3.75,68.33,1280x720,Unknown
173541,49320,264,3.79,263,3.80,68.33,1280x720,Unknown
173774,48437,233,4.29,262,3.82,69.44,1280x720,Unknown
174083,48758,308,3.25,264,3.79,68.33,1280x720,Unknown
174566,46804,483,2.07,276,3.62,68.33,1280x720,Unknown
174826,49869,259,3.86,276,3.62,68.89,1280x720,Unknown
175204,50728,378,2.65,283,3.53,68.33,1280x720,Unknown
175435,47994,230,4.35,282,3.55,68.33,1280x720,Unknown
175856,52069,421,2.38,290,3.45,68.33,1280x720,Unknown
176190,51217,333,3.00,296,3.38,68.33,1280x720,Unknown
176465,48219,275,3.64,297,3.37,68.33,1280x720,Unknown
176706,48950,240,4.17,293,3.41,68.89,1280x720,Unknown
176930,50437,223,4.48,293,3.41,68.89,1280x720,Unknown
177175,48487,245,4.08,292,3.42,68.33,1280x720,Unknown
177466,47695,290,3.45,289,3.46,68.33,1280x720,Unknown
177892,50885,426,2.35,296,3.38,68.33,1280x720,Unknown
178254,47501,361,2.77,303,3.30,68.89,1280x720,Unknown
178506,46145,251,3.98,301,3.32,68.89,1280x720,Unknown
178854,49398,347,2.88,304,3.29,68.89,1280x720,Unknown
179098,48524,244,4.10,304,3.29,69.44,1280x720,Unknown
179436,48186,337,2.97,307,3.26,69.44,1280x720,Unknown
179801,53951,365,2.74,312,3.21,68.89,1280x720,Unknown
180049,53583,248,4.03,313,3.19,68.89,1280x720,Unknown
180415,49150,365,2.74,316,3.16,68.89,1280x720,Unknown
180733,47030,317,3.15,307,3.26,68.33,1280x720,Unknown
181165,46789,432,2.31,316,3.16,68.89,1280x720,Unknown
181451,50472,285,3.51,311,3.22,68.89,1280x720,Unknown
181746,51043,295,3.39,315,3.17,68.89,1280x720,Unknown
182001,49760,254,3.94,306,3.27,68.89,1280x720,Unknown
182325,52843,324,3.09,306,3.27,70.00,1280x720,Unknown
182574,50264,248,4.03,304,3.29,68.89,1280x720,Unknown
182893,47684,318,3.14,308,3.25,68.89,1280x720,Unknown
183209,48400,316,3.16,313,3.19,68.89,1280x720,Unknown
183773,49252,563,1.78,329,3.04,68.89,1280x720,Unknown
184204,49359,431,2.32,336,2.98,68.89,1280x720,Unknown
184548,47002,343,2.92,332,3.01,68.89,1280x720,Unknown
184841,51827,292,3.42,328,3.05,69.44,1280x720,Unknown
185078,49836,236,4.24,328,3.05,68.89,1280x720,Unknown
185389,48575,311,3.22,326,3.07,68.89,1280x720,Unknown
185629,49152,239,4.18,325,3.08,68.33,1280x720,Unknown
185901,50789,272,3.68,322,3.11,68.89,1280x720,Unknown
186273,48342,371,2.70,323,3.10,68.89,1280x720,Unknown
186617,46733,344,2.91,327,3.06,68.89,1280x720,Unknown
186982,50212,365,2.74,327,3.06,68.89,1280x720,Unknown
187325,48819,342,2.92,329,3.04,68.89,1280x720,Unknown
187625,51824,299,3.34,322,3.11,68.89,1280x720,Unknown
187891,55325,265,3.77,321,3.12,68.89,1280x720,Unknown
188105,50001,214,4.67,317,3.15,69.44,1280x720,Unknown
188439,49494,333,3.00,321,3.12,69.44,1280x720,Unknown
188733,49848,294,3.40,319,3.13,68.89,1280x720,Unknown
189018,51619,284,3.52,321,3.12,69.44,1280x720,Unknown
189285,47905,267,3.75,319,3.13,69.44,1280x720,Unknown
189551,47653,265,3.77,316,3.16,68.89,1280x720,Unknown
189885,49282,334,2.99,305,3.28,68.89,1280x720,Unknown
190181,49838,296,3.38,298,3.36,69.44,1280x720,Unknown
190565,49399,383,2.61,300,3.33,68.89,1280x720,Unknown
190849,50332,283,3.53,299,3.34,68.89,1280x720,Unknown
191249,49156,400,2.50,308,3.25,68.89,1280x720,Unknown
191516,52276,266,3.76,305,3.28,69.44,1280x720,Unknown
191813,50037,297,3.37,308,3.25,68.89,1280x720,Unknown
192147,48102,333,3.00,311,3.22,69.44,1280x720,Unknown
192473,52652,326,3.07,309,3.24,68.89,1280x720,Unknown
192778,49096,304,3.29,307,3.26,69.44,1280x720,Unknown
193047,50690,269,3.72,302,3.31,68.89,1280x720,Unknown
193414,49483,366,2.73,303,3.30,69.44,1280x720,Unknown
193861,48148,447,2.24,311,3.22,69.44,1280x720,Unknown
194211,50346,350,2.86,315,3.17,68.89,1280x720,Unknown
194561,47542,349,2.87,322,3.11,69.44,1280x720,Unknown
194838,48814,277,3.61,319,3.13,69.44,1280x720,Unknown
195218,51394,380,2.63,323,3.10,68.89,1280x720,Unknown
195577,48144,358,2.79,327,3.06,69.44,1280x720,Unknown
195805,47786,227,4.41,325,3.08,69.44,1280x720,Unknown
196097,50010,291,3.44,326,3.07,68.89,1280x720,Unknown
196556,47986,459,2.18,333,3.00,69.44,1280x720,Unknown
196989,45761,432,2.31,339,2.95,68.89,1280x720,Unknown
197349,48038,360,2.78,338,2.96,69.44,1280x720,Unknown
197693,47170,344,2.91,341,2.93,68.89,1280x720,Unknown
198089,49827,395,2.53,341,2.93,68.89,1280x720,Unknown
198449,48359,359,2.79,346,2.89,68.89,1280x720,Unknown
198689,46957,240,4.17,343,2.92,69.44,1280x720,Unknown
198949,46539,260,3.85,339,2.95,68.89,1280x720,Unknown
199205,48871,255,3.92,336,2.98,69.44,1280x720,Unknown
199440,47607,235,4.26,332,3.01,68.89,1280x720,Unknown
199702,48693,262,3.82,332,3.01,69.44,1280x720,Unknown
200257,48600,554,1.81,341,2.93,69.44,1280x720,Unknown
200624,47915,367,2.72,337,2.97,70.56,1280x720,Unknown
201008,46440,383,2.61,339,2.95,69.44,1280x720,Unknown
201325,46753,317,3.15,337,2.97,69.44,1280x720,Unknown
201689,50988,363,2.75,342,2.92,69.44,1280x720,Unknown
202149,48255,459,2.18,346,2.89,69.44,1280x720,Unknown
202590,51722,441,2.27,350,2.86,69.44,1280x720,Unknown
203094,51256,503,1.99,363,2.75,69.44,1280x720,Unknown
203432,45710,338,2.96,366,2.73,69.44,1280x720,Unknown
205191,48970,1758,0.57,431,2.32,69.44,1280x720,Unknown
205606,50889,415,2.41,430,2.33,69.44,1280x720,Unknown
205974,46850,367,2.72,430,2.33,70.00,1280x720,Unknown
206233,49160,259,3.86,426,2.35,69.44,1280x720,Unknown
206500,46550,266,3.76,420,2.38,69.44,1280x720,Unknown
206743,50487,243,4.12,414,2.42,69.44,1280x720,Unknown
206973,47681,229,4.37,413,2.42,69.44,1280x720,Unknown
207321,49551,348,2.87,418,2.39,69.44,1280x720,Unknown
207568,48827,247,4.05,417,2.40,69.44,1280x720,Unknown
207796,49232,227,4.41,417,2.40,69.44,1280x720,Unknown
208084,53223,287,3.48,418,2.39,69.44,1280x720,Unknown
208445,48067,361,2.77,408,2.45,69.44,1280x720,Unknown
208694,46833,248,4.03,402,2.49,69.44,1280x720,Unknown
209045,47581,350,2.86,401,2.49,69.44,1280x720,Unknown
209276,49623,231,4.33,397,2.52,69.44,1280x720,Unknown
209612,50416,335,2.99,395,2.53,69.44,1280x720,Unknown
209897,49775,284,3.52,386,2.59,69.44,1280x720,Unknown
210128,47801,231,4.33,376,2.66,68.89,1280x720,Unknown
210376,47200,248,4.03,363,2.75,69.44,1280x720,Unknown
210634,50164,257,3.89,359,2.79,70.00,1280x720,Unknown
210937,52808,302,3.31,286,3.50,69.44,1280x720,Unknown
211288,48093,351,2.85,283,3.53,69.44,1280x720,Unknown
211603,48758,314,3.18,280,3.57,69.44,1280x720,Unknown
212040,46550,437,2.29,289,3.46,69.44,1280x720,Unknown
212354,46736,313,3.19,292,3.42,69.44,1280x720,Unknown
212665,46665,310,3.23,295,3.39,69.44,1280x720,Unknown
213056,48007,391,2.56,303,3.30,69.44,1280x720,Unknown
213277,49249,220,4.55,297,3.37,69.44,1280x720,Unknown
213588,49151,311,3.22,300,3.33,69.44,1280x720,Unknown
213834,50283,245,4.08,301,3.32,69.44,1280x720,Unknown
214118,53045,284,3.52,301,3.32,70.00,1280x720,Unknown
214424,47533,305,3.28,298,3.36,70.00,1280x720,Unknown
214807,48142,383,2.61,305,3.28,69.44,1280x720,Unknown
215049,48229,241,4.15,299,3.34,69.44,1280x720,Unknown
215297,53683,248,4.03,300,3.33,69.44,1280x720,Unknown
215612,49823,315,3.17,299,3.34,69.44,1280x720,Unknown
215940,47496,327,3.06,301,3.32,69.44,1280x720,Unknown
216317,47436,376,2.66,308,3.25,69.44,1280x720,Unknown
216552,47355,235,4.26,308,3.25,70.00,1280x720,Unknown
216841,47287,288,3.47,309,3.24,70.00,1280x720,Unknown
217048,49685,207,4.83,305,3.28,70.00,1280x720,Unknown
217361,47885,312,3.21,303,3.30,70.00,1280x720,Unknown
217609,49746,248,4.03,299,3.34,70.00,1280x720,Unknown
218240,47942,631,1.58,309,3.24,69.44,1280x720,Unknown
218482,47332,241,4.15,305,3.28,70.00,1280x720,Unknown
218803,51569,321,3.12,306,3.27,70.00,1280x720,Unknown
219122,47833,318,3.14,302,3.31,70.00,1280x720,Unknown
219434,47971,311,3.22,307,3.26,69.44,1280x720,Unknown
219675,46833,241,4.15,303,3.30,69.44,1280x720,Unknown
219997,49703,321,3.12,307,3.26,70.00,1280x720,Unknown
220317,49109,320,3.12,309,3.24,70.00,1280x720,Unknown
220630,47770,312,3.21,309,3.24,70.00,1280x720,Unknown
220940,48905,310,3.23,306,3.27,70.00,1280x720,Unknown
221268,50191,327,3.06,310,3.23,70.00,1280x720,Unknown
221625,47683,356,2.81,315,3.17,70.00,1280x720,Unknown
222068,48027,443,2.26,322,3.11,70.00,1280x720,Unknown
222329,45555,261,3.83,318,3.14,70.00,1280x720,Unknown
222634,51175,304,3.29,315,3.17,70.00,1280x720,Unknown
222932,47584,298,3.36,318,3.14,70.00,1280x720,Unknown
223196,47259,264,3.79,317,3.15,70.00,1280x720,Unknown
223584,49650,387,2.58,326,3.07,70.00,1280x720,Unknown
223928,47475,343,2.92,327,3.06,70.00,1280x720,Unknown
224335,49536,406,2.46,335,2.99,70.00,1280x720,Unknown
224713,47943,377,2.65,323,3.10,69.44,1280x720,Unknown
224937,50073,224,4.46,322,3.11,70.00,1280x720,Unknown
225252,50202,315,3.17,321,3.12,70.00,1280x720,Unknown
225506,49656,254,3.94,318,3.14,70.00,1280x720,Unknown
225740,48879,233,4.29,314,3.18,70.00,1280x720,Unknown
226065,46993,325,3.08,319,3.13,70.00,1280x720,Unknown
226303,47306,237,4.22,314,3.18,70.00,1280x720,Unknown
226672,52096,369,2.71,317,3.15,70.00,1280x720,Unknown
227069,48655,396,2.53,321,3.12,70.00,1280x720,Unknown
227531,49776,462,2.16,329,3.04,70.00,1280x720,Unknown
227812,46139,280,3.57,326,3.07,70.00,1280x720,Unknown
228052,48695,239,4.18,320,3.12,70.00,1280x720,Unknown
228297,48294,245,4.08,310,3.23,70.00,1280x720,Unknown
228592,48612,294,3.40,312,3.21,70.00,1280x720,Unknown
228952,50199,360,2.78,315,3.17,70.00,1280x720,Unknown
229341,47591,388,2.58,319,3.13,70.00,1280x720,Unknown
229724,50097,382,2.62,325,3.08,70.56,1280x720,Unknown
229986,47302,262,3.82,319,3.13,70.00,1280x720,Unknown
230580,52309,593,1.69,332,3.01,70.00,1280x720,Unknown
230825,46467,244,4.10,323,3.10,70.00,1280x720,Unknown
231152,48976,327,3.06,321,3.12,70.00,1280x720,Unknown
231463,48482,311,3.22,325,3.08,70.00,1280x720,Unknown
231736,48810,272,3.68,323,3.10,70.00,1280x720,Unknown
232016,47396,280,3.57,324,3.09,70.56,1280x720,Unknown
232341,51948,324,3.09,329,3.04,70.00,1280x720,Unknown
232657,48829,316,3.16,329,3.04,70.56,1280x720,Unknown
233313,50056,655,1.53,349,2.87,70.00,1280x720,Unknown
233651,49014,338,2.96,348,2.87,70.00,1280x720,Unknown
233916,50028,265,3.77,341,2.93,70.56,1280x720,Unknown
234307,48178,390,2.56,338,2.96,70.00,1280x720,Unknown
234744,47493,436,2.29,346,2.89,70.00,1280x720,Unknown
235140,47905,395,2.53,353,2.83,70.00,1280x720,Unknown
235450,46547,309,3.24,357,2.80,70.56,1280x720,Unknown
235818,48652,367,2.72,360,2.78,70.00,1280x720,Unknown
236336,47285,518,1.93,368,2.72,70.00,1280x720,Unknown
236647,49167,311,3.22,364,2.75,70.56,1280x720,Unknown
236956,46577,308,3.25,361,2.77,70.00,1280x720,Unknown
237321,50488,365,2.74,366,2.73,70.00,1280x720,Unknown
237592,47977,270,3.70,350,2.86,70.00,1280x720,Unknown
238104,48884,511,1.96,363,2.75,70.56,1280x720,Unknown
238465,48635,361,2.77,365,2.74,70.56,1280x720,Unknown
239095,48221,630,1.59,381,2.62,70.00,1280x720,Unknown
239435,47357,339,2.95,384,2.60,70.56,1280x720,Unknown
239751,47238,315,3.17,386,2.59,70.56,1280x720,Unknown
240160,47778,409,2.44,390,2.56,70.56,1280x720,Unknown
240538,47173,377,2.65,393,2.54,70.56,1280x720,Unknown
240866,45587,328,3.05,377,2.65,70.00,1280x720,Unknown
241279,45630,412,2.43,380,2.63,70.56,1280x720,Unknown
241696,45620,416,2.40,388,2.58,70.00,1280x720,Unknown
242311,46565,615,1.63,399,2.51,70.00,1280x720,Unknown
242691,44698,379,2.64,396,2.53,70.56,1280x720,Unknown
242940,44895,248,4.03,389,2.57,70.56,1280x720,Unknown
243340,44736,400,2.50,393,2.54,70.00,1280x720,Unknown
243756,44742,415,2.41,396,2.53,70.56,1280x720,Unknown
244122,46048,366,2.73,388,2.58,70.56,1280x720,Unknown
244569,43860,446,2.24,395,2.53,70.56,1280x720,Unknown
244984,45360,415,2.41,400,2.50,70.56,1280x720,Unknown
245251,45723,266,3.76,395,2.53,70.56,1280x720,Unknown
245659,46654,407,2.46,402,2.49,70.56,1280x720,Unknown
245900,44531,241,4.15,389,2.57,70.56,1280x720,Unknown
246319,48051,419,2.39,392,2.55,70.56,1280x720,Unknown
246624,44781,304,3.29,375,2.67,70.00,1280x720,Unknown
246908,48558,284,3.52,373,2.68,70.56,1280x720,Unknown
247361,45837,452,2.21,379,2.64,70.56,1280x720,Unknown
247743,45511,382,2.62,378,2.65,70.00,1280x720,Unknown
248137,46313,393,2.54,379,2.64,70.56,1280x720,Unknown
248448,45883,310,3.23,378,2.65,70.56,1280x720,Unknown
248915,47932,467,2.14,381,2.62,70.56,1280x720,Unknown
249145,45099,229,4.37,371,2.70,70.56,1280x720,Unknown
249495,47352,350,2.86,358,2.79,70.56,1280x720,Unknown
249900,45402,405,2.47,359,2.79,70.56,1280x720,Unknown
250396,45313,495,2.02,372,2.69,70.56,1280x720,Unknown
250771,44742,375,2.67,371,2.70,70.56,1280x720,Unknown
251139,46415,368,2.72,368,2.72,70.56,1280x720,Unknown
251585,48617,445,2.25,372,2.69,70.56,1280x720,Unknown
252015,45781,430,2.33,371,2.70,70.56,1280x720,Unknown
252591,46501,575,1.74,379,2.64,70.00,1280x720,Unknown
253060,46088,469,2.13,390,2.56,70.56,1280x720,Unknown
253403,46093,343,2.92,386,2.59,70.56,1280x720,Unknown
253733,45688,330,3.03,391,2.56,70.56,1280x720,Unknown
254131,48104,397,2.52,390,2.56,70.56,1280x720,Unknown
254491,46466,359,2.79,392,2.55,70.56,1280x720,Unknown
254851,45816,360,2.78,396,2.53,70.56,1280x720,Unknown
255388,47197,536,1.87,400,2.50,70.56,1280x720,Unknown
255928,49355,540,1.85,408,2.45,70.00,1280x720,Unknown
256293,44927,365,2.74,407,2.46,70.56,1280x720,Unknown
256696,44535,403,2.48,412,2.43,70.56,1280x720,Unknown
257003,44531,306,3.27,404,2.48,70.56,1280x720,Unknown
257268,44782,264,3.79,405,2.47,70.56,1280x720,Unknown
257743,45145,475,2.11,412,2.43,70.56,1280x720,Unknown
258151,46816,408,2.45,412,2.43,70.56,1280x720,Unknown
258774,47034,623,1.61,418,2.39,70.56,1280x720,Unknown
259216,43403,441,2.27,421,2.38,70.56,1280x720,Unknown
259723,47677,506,1.98,428,2.34,70.56,1280x720,Unknown
260235,45282,511,1.96,432,2.31,70.56,1280x720,Unknown
260568,43795,333,3.00,427,2.34,70.56,1280x720,Unknown
261023,47469,454,2.20,421,2.38,70.56,1280x720,Unknown
261647,45178,623,1.61,428,2.34,70.56,1280x720,Unknown
262211,45208,563,1.78,439,2.28,70.56,1280x720,Unknown
262615,45964,404,2.48,443,2.26,70.56,1280x720,Unknown
263024,47503,408,2.45,444,2.25,70.56,1280x720,Unknown
263732,46894,708,1.41,461,2.17,70.56,1280x720,Unknown
264203,44948,471,2.12,467,2.14,70.56,1280x720,Unknown
264695,46803,492,2.03,464,2.16,70.56,1280x720,Unknown
265168,45125,472,2.12,461,2.17,70.56,1280x720,Unknown
265567,47385,399,2.51,463,2.16,70.56,1280x720,Unknown
266083,44997,515,1.94,468,2.14,70.56,1280x720,Unknown
266850,45329,767,1.30,491,2.04,70.56,1280x720,Unknown
267251,45381,400,2.50,498,2.01,70.56,1280x720,Unknown
267854,46684,603,1.66,505,1.98,70.56,1280x720,Unknown
268144,46481,289,3.46,499,2.00,70.56,1280x720,Unknown
268522,47079,378,2.65,486,2.06,70.56,1280x720,Unknown
269351,46087,828,1.21,506,1.98,70.56,1280x720,Unknown
269935,45534,583,1.72,510,1.96,70.56,1280x720,Unknown
270257,44770,321,3.12,500,2.00,71.11,1280x720,Unknown
270695,46681,438,2.28,505,1.98,70.56,1280x720,Unknown
271423,48834,727,1.38,519,1.93,70.56,1280x720,Unknown
271932,44877,508,1.97,513,1.95,71.11,1280x720,Unknown
272487,48770,555,1.80,513,1.95,70.56,1280x720,Unknown
272918,46067,430,2.33,514,1.95,71.11,1280x720,Unknown
273651,44974,732,1.37,530,1.89,70.56,1280x720,Unknown
274128,46284,476,2.10,519,1.93,70.56,1280x720,Unknown
274771,46395,643,1.56,527,1.90,70.56,1280x720,Unknown
275171,46786,399,2.51,523,1.91,71.11,1280x720,Unknown
275565,47885,394,2.54,519,1.93,71.11,1280x720,Unknown
276219,49047,654,1.53,532,1.88,71.11,1280x720,Unknown
276671,46605,451,2.22,528,1.89,71.11,1280x720,Unknown
277222,46936,551,1.81,518,1.93,71.11,1280x720,Unknown
277798,45783,575,1.74,526,1.90,71.11,1280x720,Unknown
278346,46480,548,1.82,524,1.91,71.11,1280x720,Unknown
278978,45481,631,1.58,541,1.85,70.56,1280x720,Unknown
279436,46595,458,2.18,545,1.83,70.56,1280x720,Unknown
279882,46352,445,2.25,525,1.90,70.56,1280x720,Unknown
280267,47283,385,2.60,516,1.94,71.11,1280x720,Unknown
280851,46120,583,1.72,529,1.89,70.56,1280x720,Unknown
281405,45653,554,1.81,534,1.87,71.11,1280x720,Unknown
282303,47639,897,1.11,543,1.84,70.56,1280x720,Unknown
282959,45784,655,1.53,550,1.82,70.56,1280x720,Unknown
283480,45377,521,1.92,549,1.82,70.56,1280x720,Unknown
283798,45889,318,3.14,543,1.84,71.67,1280x720,Unknown
284194,47019,396,2.53,526,1.90,71.11,1280x720,Unknown
284937,45539,742,1.35,540,1.85,71.11,1280x720,Unknown
285308,44811,371,2.70,526,1.90,70.56,1280x720,Unknown
285973,48295,665,1.50,539,1.86,70.56,1280x720,Unknown
286619,46025,646,1.55,552,1.81,71.11,1280x720,Unknown
287091,45500,472,2.12,543,1.84,71.11,1280x720,Unknown
287738,46677,646,1.55,552,1.81,70.56,1280x720,Unknown
288088,44528,349,2.87,542,1.85,71.11,1280x720,Unknown
288535,47611,447,2.24,536,1.87,71.11,1280x720,Unknown
289098,46266,562,1.78,537,1.86,71.11,1280x720,Unknown
289557,46547,459,2.18,528,1.89,71.11,1280x720,Unknown
290394,47862,837,1.19,547,1.83,71.11,1280x720,Unknown
290861,46141,466,2.15,548,1.82,70.56,1280x720,Unknown
291478,45676,616,1.62,560,1.79,71.11,1280x720,Unknown
291964,45311,486,2.06,555,1.80,71.11,1280x720,Unknown
292515,45171,551,1.81,555,1.80,71.11,1280x720,Unknown
293476,46607,960,1.04,558,1.79,71.11,1280x720,Unknown
293955,45488,479,2.09,549,1.82,71.11,1280x720,Unknown
294530,44831,575,1.74,552,1.81,70.56,1280x720,Unknown
294942,46382,412,2.43,556,1.80,71.11,1280x720,Unknown
295395,45755,452,2.21,559,1.79,71.11,1280x720,Unknown
295980,45843,584,1.71,551,1.81,71.11,1280x720,Unknown
296691,46005,710,1.41,568,1.76,71.11,1280x720,Unknown
297318,45502,627,1.59,566,1.77,70.56,1280x720,Unknown
297879,45756,560,1.79,562,1.78,71.11,1280x720,Unknown
298360,45359,481,2.08,562,1.78,71.11,1280x720,Unknown
299250,46840,890,1.12,575,1.74,71.11,1280x720,Unknown
299860,44579,609,1.64,588,1.70,71.11,1280x720,Unknown
300360,44680,500,2.00,590,1.69,70.56,1280x720,Unknown
300832,46421,472,2.12,586,1.71,71.11,1280x720,Unknown
301475,45514,642,1.56,595,1.68,71.11,1280x720,Unknown
302146,45239,671,1.49,587,1.70,71.11,1280x720,Unknown
302750,44836,603,1.66,594,1.68,71.11,1280x720,Unknown
303314,44373,563,1.78,591,1.69,71.11,1280x720,Unknown
304042,45839,728,1.37,603,1.66,71.11,1280x720,Unknown
304842,45458,799,1.25,615,1.63,71.11,1280x720,Unknown
305466,44920,623,1.61,599,1.67,71.11,1280x720,Unknown
306022,45080,556,1.80,602,1.66,71.67,1280x720,Unknown
306534,45078,511,1.96,599,1.67,71.11,1280x720,Unknown
307447,46163,913,1.10,624,1.60,71.11,1280x720,Unknown
307906,45840,458,2.18,625,1.60,71.11,1280x720,Unknown
308518,45167,612,1.63,626,1.60,71.11,1280x720,Unknown
309070,44960,551,1.81,618,1.62,71.11,1280x720,Unknown
309543,45208,473,2.11,610,1.64,71.11,1280x720,Unknown
310200,45614,656,1.52,615,1.63,71.11,1280x720,Unknown
310827,45680,627,1.59,622,1.61,71.11,1280x720,Unknown
311471,44572,644,1.55,610,1.64,71.11,1280x720,Unknown
311870,45840,399,2.51,600,1.67,71.11,1280x720,Unknown
312587,45287,716,1.40,610,1.64,71.11,1280x720,Unknown
313394,45649,807,1.24,627,1.59,71.11,1280x720,Unknown
313863,45767,469,2.13,618,1.62,70.56,1280x720,Unknown
314429,45883,565,1.77,613,1.63,71.11,1280x720,Unknown
315230,45915,801,1.25,623,1.61,71.11,1280x720,Unknown
316050,45559,820,1.22,636,1.57,71.11,1280x720,Unknown
316586,45046,535,1.87,626,1.60,71.11,1280x720,Unknown
317023,46385,436,2.29,608,1.64,71.11,1280x720,Unknown
317705,47040,682,1.47,611,1.64,71.11,1280x720,Unknown
318502,44423,796,1.26,623,1.61,71.11,1280x720,Unknown
319389,45767,887,1.13,642,1.56,71.11,1280x720,Unknown
319949,44362,559,1.79,624,1.60,71.11,1280x720,Unknown
320661,46252,712,1.40,637,1.57,71.11,1280x720,Unknown
322017,46138,1355,0.74,674,1.48,71.67,1280x720,Unknown
322753,44528,736,1.36,683,1.46,71.11,1280x720,Unknown
323538,45581,784,1.28,699,1.43,71.11,1280x720,Unknown
324389,44524,851,1.18,709,1.41,71.11,1280x720,Unknown
325838,44909,1448,0.69,750,1.33,71.11,1280x720,Unknown
326950,44903,1112,0.90,773,1.29,71.11,1280x720,Unknown
327695,45644,744,1.34,790,1.27,71.67,1280x720,Unknown
328335,45970,639,1.56,786,1.27,71.67,1280x720,Unknown
328808,47093,473,2.11,770,1.30,71.11,1280x720,Unknown
329453,47341,645,1.55,779,1.28,71.67,1280x720,Unknown
330555,45907,1101,0.91,805,1.24,71.11,1280x720,Unknown
331293,45285,738,1.36,802,1.25,71.67,1280x720,Unknown
331946,45465,652,1.53,794,1.26,71.11,1280x720,Unknown
332658,45152,711,1.41,803,1.25,71.67,1280x720,Unknown
333618,45224,959,1.04,829,1.21,71.11,1280x720,Unknown
334659,45280,1041,0.96,847,1.18,71.67,1280x720,Unknown
335541,44581,881,1.14,851,1.18,71.11,1280x720,Unknown
337229,44205,1687,0.59,891,1.12,71.11,1280x720,Unknown
337905,45096,676,1.48,897,1.11,71.67,1280x720,Unknown
338664,46433,758,1.32,899,1.11,71.11,1280x720,Unknown
339374,44813,709,1.41,867,1.15,71.11,1280x720,Unknown
339938,44799,564,1.77,858,1.17,71.11,1280x720,Unknown
341034,45353,1095,0.91,874,1.14,71.67,1280x720,Unknown
341877,45457,842,1.19,873,1.15,71.67,1280x720,Unknown
342733,45555,855,1.17,844,1.18,71.67,1280x720,Unknown
343288,44769,555,1.80,816,1.23,71.67,1280x720,Unknown
344720,45126,1431,0.70,850,1.18,71.11,1280x720,Unknown
345625,45073,905,1.10,863,1.16,71.67,1280x720,Unknown
347004,46368,1379,0.73,909,1.10,71.67,1280x720,Unknown
348285,45514,1280,0.78,940,1.06,71.67,1280x720,Unknown
350213,44552,1928,0.52,982,1.02,71.67,1280x720,Unknown
350889,46717,675,1.48,979,1.02,71.11,1280x720,Unknown
352298,47452,1409,0.71,1017,0.98,71.67,1280x720,Unknown
353244,44444,945,1.06,1028,0.97,71.67,1280x720,Unknown
353885,45260,641,1.56,1012,0.99,71.67,1280x720,Unknown
354405,45284,519,1.93,986,1.01,71.67,1280x720,Unknown
355048,45996,643,1.56,974,1.03,71.67,1280x720,Unknown
355609,45077,560,1.79,918,1.09,71.67,1280x720,Unknown
357040,46038,1430,0.70,956,1.05,71.67,1280x720,Unknown
357601,44981,561,1.78,946,1.06,71.67,1280x720,Unknown
358481,46318,879,1.14,954,1.05,71.11,1280x720,Unknown
359469,45221,988,1.01,976,1.02,71.67,1280x720,Unknown
360389,45715,919,1.09,967,1.03,71.67,1280x720,Unknown
361305,44563,916,1.09,970,1.03,71.67,1280x720,Unknown
362765,46090,1459,0.69,1001,1.00,71.67,1280x720,Unknown
364001,44244,1235,0.81,1035,0.97,71.67,1280x720,Unknown
364725,46963,724,1.38,999,1.00,71.67,1280x720,Unknown
365533,45428,807,1.24,994,1.01,71.67,1280x720,Unknown
366215,46027,682,1.47,960,1.04,71.67,1280x720,Unknown
366959,44470,743,1.35,933,1.07,71.11,1280x720,Unknown
367855,46047,896,1.12,881,1.14,71.67,1280x720,Unknown
368501,45530,646,1.55,880,1.14,71.67,1280x720,Unknown
369153,45095,651,1.54,842,1.19,71.67,1280x720,Unknown
369977,45676,823,1.22,836,1.20,71.67,1280x720,Unknown
370400,46868,422,2.37,825,1.21,71.67,1280x720,Unknown
370956,46197,556,1.80,827,1.21,71.67,1280x720,Unknown
371551,45501,595,1.68,824,1.21,71.67,1280x720,Unknown
372118,45203,566,1.77,824,1.21,71.67,1280x720,Unknown
373206,46044,1088,0.92,807,1.24,71.67,1280x720,Unknown
373673,45716,466,2.15,803,1.25,71.67,1280x720,Unknown
374508,45425,835,1.20,800,1.25,71.67,1280x720,Unknown
375036,45674,528,1.89,777,1.29,71.67,1280x720,Unknown
375925,46448,888,1.13,776,1.29,71.67,1280x720,Unknown
376309,44832,384,2.60,749,1.34,71.67,1280x720,Unknown
376824,45367,515,1.94,702,1.42,71.67,1280x720,Unknown
377593,45330,768,1.30,679,1.47,71.67,1280x720,Unknown
378713,45667,1120,0.89,698,1.43,71.67,1280x720,Unknown
379276,45715,563,1.78,686,1.46,71.67,1280x720,Unknown
380230,46728,953,1.05,700,1.43,71.67,1280x720,Unknown
381125,45051,894,1.12,707,1.41,71.67,1280x720,Unknown
382900,44626,1775,0.56,751,1.33,71.67,1280x720,Unknown
383940,47223,1039,0.96,771,1.30,71.67,1280x720,Unknown
385149,44816,1208,0.83,799,1.25,71.67,1280x720,Unknown
386580,45181,1431,0.70,829,1.21,71.67,1280x720,Unknown
387600,44892,1019,0.98,859,1.16,71.67,1280x720,Unknown
388360,45465,760,1.32,869,1.15,71.67,1280x720,Unknown
389028,44707,668,1.50,873,1.15,71.67,1280x720,Unknown
389504,44168,475,2.11,868,1.15,71.67,1280x720,Unknown
390001,44950,496,2.02,839,1.19,72.22,1280x720,Unknown
390700,46729,698,1.43,850,1.18,71.67,1280x720,Unknown
391751,48095,1051,0.95,861,1.16,71.67,1280x720,Unknown
392371,46309,619,1.62,866,1.15,71.67,1280x720,Unknown
393071,46708,700,1.43,856,1.17,71.67,1280x720,Unknown
393672,45429,600,1.67,867,1.15,71.67,1280x720,Unknown
394839,46066,1167,0.86,900,1.11,72.22,1280x720,Unknown
395371,46031,531,1.88,888,1.13,71.67,1280x720,Unknown
396224,46955,853,1.17,875,1.14,72.22,1280x720,Unknown
396869,45214,644,1.55,879,1.14,71.67,1280x720,Unknown
397469,46460,600,1.67,861,1.16,71.67,1280x720,Unknown
398071,45897,602,1.66,846,1.18,71.67,1280x720,Unknown
399141,44656,1069,0.94,811,1.23,71.67,1280x720,Unknown
399899,46452,758,1.32,797,1.25,71.67,1280x720,Unknown
400783,46440,884,1.13,781,1.28,71.67,1280x720,Unknown
401262,45643,479,2.09,733,1.36,71.67,1280x720,Unknown
402274,46653,1011,0.99,733,1.36,71.67,1280x720,Unknown
403022,46486,747,1.34,732,1.37,72.22,1280x720,Unknown
403639,47007,617,1.62,730,1.37,71.67,1280x720,Unknown
404455,46243,815,1.23,747,1.34,71.11,1280x720,Unknown
405746,46334,1291,0.77,786,1.27,71.67,1280x720,Unknown
406619,46661,872,1.15,795,1.26,71.67,1280x720,Unknown
408003,46460,1384,0.72,812,1.23,71.67,1280x720,Unknown
408787,46088,783,1.28,820,1.22,71.67,1280x720,Unknown
409556,46073,769,1.30,823,1.22,71.67,1280x720,Unknown
410135,44633,578,1.73,822,1.22,71.67,1280x720,Unknown
411105,44473,969,1.03,812,1.23,71.67,1280x720,Unknown
411887,45556,781,1.28,825,1.21,71.67,1280x720,Unknown
412891,45867,1004,1.00,832,1.20,71.67,1280x720,Unknown
414167,45275,1275,0.78,864,1.16,71.67,1280x720,Unknown
415380,46016,1213,0.82,895,1.12,72.22,1280x720,Unknown
416079,44218,699,1.43,899,1.11,71.67,1280x720,Unknown
416591,45619,512,1.95,872,1.15,71.67,1280x720,Unknown
417250,47235,659,1.52,867,1.15,71.67,1280x720,Unknown
418051,47954,800,1.25,862,1.16,71.67,1280x720,Unknown
419171,45172,1120,0.89,894,1.12,71.67,1280x720,Unknown
419867,46673,695,1.44,879,1.14,72.22,1280x720,Unknown
420499,45248,632,1.58,873,1.15,71.67,1280x720,Unknown
421167,44787,667,1.50,875,1.14,71.67,1280x720,Unknown
422210,45407,1043,0.96,887,1.13,71.67,1280x720,Unknown
422767,45275,557,1.80,850,1.18,71.67,1280x720,Unknown
423386,45041,618,1.62,837,1.19,71.67,1280x720,Unknown
424115,44782,728,1.37,805,1.24,71.67,1280x720,Unknown
424838,46379,723,1.38,802,1.25,71.67,1280x720,Unknown
425648,45210,809,1.24,804,1.24,72.22,1280x720,Unknown
426602,45707,954,1.05,822,1.22,71.67,1280x720,Unknown
427322,45674,720,1.39,810,1.23,72.22,1280x720,Unknown
428073,46998,751,1.33,808,1.24,72.22,1280x720,Unknown
428736,46132,662,1.51,791,1.26,71.67,1280x720,Unknown
429480,45339,744,1.34,765,1.31,72.22,1280x720,Unknown
430409,46225,929,1.08,751,1.33,71.67,1280x720,Unknown
431226,45641,817,1.22,757,1.32,71.67,1280x720,Unknown
431957,45948,731,1.37,767,1.30,71.67,1280x720,Unknown
432968,45059,1011,0.99,785,1.27,71.67,1280x720,Unknown
434133,44431,1165,0.86,803,1.25,71.67,1280x720,Unknown
435291,45001,1157,0.86,805,1.24,71.67,1280x720,Unknown
436118,46221,827,1.21,812,1.23,71.67,1280x720,Unknown
436841,46346,722,1.39,816,1.23,71.67,1280x720,Unknown
437318,46468,476,2.10,807,1.24,71.67,1280x720,Unknown
438404,45940,1085,0.92,809,1.24,71.67,1280x720,Unknown
438844,45718,440,2.27,803,1.25,71.67,1280x720,Unknown
439729,45920,885,1.13,816,1.23,72.22,1280x720,Unknown
440362,47336,632,1.58,812,1.23,72.22,1280x720,Unknown
441377,46281,1014,0.99,826,1.21,71.67,1280x720,Unknown
442438,45925,1060,0.94,839,1.19,71.67,1280x720,Unknown
443632,44593,1194,0.84,851,1.18,71.67,1280x720,Unknown
444862,46944,1229,0.81,876,1.14,71.67,1280x720,Unknown
445549,46203,687,1.46,873,1.15,71.67,1280x720,Unknown
446279,45354,729,1.37,876,1.14,72.22,1280x720,Unknown
447267,45844,988,1.01,888,1.13,71.67,1280x720,Unknown
448353,45936,1086,0.92,896,1.12,71.67,1280x720,Unknown
449254,47802,900,1.11,900,1.11,72.22,1280x720,Unknown
449953,45050,699,1.43,899,1.11,72.22,1280x720,Unknown
450783,45370,829,1.21,890,1.12,71.67,1280x720,Unknown
451430,46283,647,1.55,864,1.16,72.22,1280x720,Unknown
452354,44829,924,1.08,852,1.17,71.67,1280x720,Unknown
452831,44700,477,2.10,835,1.20,71.67,1280x720,Unknown
454299,45394,1467,0.68,872,1.15,72.22,1280x720,Unknown
455097,46663,798,1.25,888,1.13,72.22,1280x720,Unknown
455813,46379,715,1.40,870,1.15,72.22,1280x720,Unknown
456430,44473,617,1.62,878,1.14,71.67,1280x720,Unknown
457355,48803,924,1.08,880,1.14,72.22,1280x720,Unknown
457861,44728,506,1.98,874,1.14,72.22,1280x720,Unknown
459577,45836,1716,0.58,909,1.10,71.67,1280x720,Unknown
460901,45324,1324,0.76,922,1.08,72.22,1280x720,Unknown
462026,44237,1125,0.89,919,1.09,72.22,1280x720,Unknown
462746,44681,719,1.39,893,1.12,72.22,1280x720,Unknown
463797,48670,1050,0.95,912,1.10,71.67,1280x720,Unknown
464938,46275,1140,0.88,932,1.07,72.22,1280x720,Unknown
465954,44812,1015,0.99,933,1.07,72.22,1280x720,Unknown
466741,44661,787,1.27,918,1.09,71.67,1280x720,Unknown
467634,46634,892,1.12,918,1.09,71.67,1280x720,Unknown
468337,45008,703,1.42,918,1.09,72.22,1280x720,Unknown
468985,44767,647,1.55,909,1.10,72.22,1280x720,Unknown
469801,45704,816,1.23,918,1.09,72.22,1280x720,Unknown
470753,45407,952,1.05,919,1.09,72.22,1280x720,Unknown
471549,45288,795,1.26,935,1.07,72.22,1280x720,Unknown
472417,45412,868,1.15,905,1.10,72.22,1280x720,Unknown
473585,45014,1167,0.86,923,1.08,72.22,1280x720,Unknown
474437,44988,851,1.18,930,1.08,71.67,1280x720,Unknown
475060,44637,622,1.61,930,1.08,72.22,1280x720,Unknown
475939,45215,879,1.14,928,1.08,72.22,1280x720,Unknown
476441,45069,501,2.00,928,1.08,71.67,1280x720,Unknown
477374,45347,933,1.07,889,1.12,72.22,1280x720,Unknown
478257,45168,882,1.13,867,1.15,72.22,1280x720,Unknown
478910,44768,652,1.53,843,1.19,72.22,1280x720,Unknown
480093,44549,1182,0.85,866,1.15,72.22,1280x720,Unknown
481401,45009,1308,0.76,879,1.14,72.22,1280x720,Unknown
482765,44675,1363,0.73,890,1.12,72.22,1280x720,Unknown
483802,43619,1036,0.97,891,1.12,71.67,1280x720,Unknown
485096,43723,1294,0.77,917,1.09,71.67,1280x720,Unknown
485708,43861,611,1.64,903,1.11,72.22,1280x720,Unknown
486409,47092,700,1.43,902,1.11,72.22,1280x720,Unknown
487775,44472,1365,0.73,938,1.07,71.67,1280x720,Unknown
488808,43850,1033,0.97,949,1.05,72.78,1280x720,Unknown
489713,45100,905,1.10,947,1.06,72.22,1280x720,Unknown
490493,46712,779,1.28,946,1.06,72.22,1280x720,Unknown
491292,45487,799,1.25,943,1.06,72.22,1280x720,Unknown
492340,46620,1047,0.96,937,1.07,72.22,1280x720,Unknown
493610,44829,1270,0.79,958,1.04,72.22,1280x720,Unknown
494832,44893,1222,0.82,988,1.01,72.22,1280x720,Unknown
496121,45389,1289,0.78,1008,0.99,72.22,1280x720,Unknown
496645,44993,523,1.91,1009,0.99,72.22,1280x720,Unknown
497448,45008,803,1.25,1003,1.00,72.22,1280x720,Unknown
498412,46637,963,1.04,1007,0.99,71.67,1280x720,Unknown
499392,45343,980,1.02,1023,0.98,71.67,1280x720,Unknown
500883,45228,1491,0.67,1039,0.96,72.22,1280x720,Unknown
501848,45097,964,1.04,1021,0.98,72.22,1280x720,Unknown
502805,45744,956,1.05,1001,1.00,73.33,1280x720,Unknown
504049,45098,1244,0.80,1011,0.99,72.22,1280x720,Unknown
504865,45328,816,1.23,988,1.01,72.22,1280x720,Unknown
506647,46805,1781,0.56,1046,0.96,72.22,1280x720,Unknown
508360,46010,1712,0.58,1097,0.91,72.22,1280x720,Unknown
509552,45076,1191,0.84,1088,0.92,72.22,1280x720,Unknown
511017,45336,1465,0.68,1110,0.90,72.22,1280x720,Unknown
511724,44733,706,1.42,1100,0.91,71.67,1280x720,Unknown
512648,45416,924,1.08,1107,0.90,72.22,1280x720,Unknown
513610,46613,961,1.04,1115,0.90,72.22,1280x720,Unknown
514392,45767,782,1.28,1102,0.91,71.67,1280x720,Unknown
514955,46085,563,1.78,1066,0.94,72.22,1280x720,Unknown
515671,46084,715,1.40,1041,0.96,72.22,1280x720,Unknown
516475,45108,804,1.24,1017,0.98,72.22,1280x720,Unknown
517516,45298,1040,0.96,1043,0.96,72.22,1280x720,Unknown
519000,45528,1483,0.67,1077,0.93,71.67,1280x720,Unknown
519680,45231,679,1.47,1062,0.94,72.22,1280x720,Unknown
520425,46040,745,1.34,1051,0.95,72.22,1280x720,Unknown
521195,45233,770,1.30,1015,0.99,72.22,1280x720,Unknown
521921,44592,726,1.38,1003,1.00,72.22,1280x720,Unknown
522712,44731,790,1.27,994,1.01,72.22,1280x720,Unknown
524126,44643,1413,0.71,1003,1.00,72.22,1280x720,Unknown
524897,45051,771,1.30,1001,1.00,71.67,1280x720,Unknown
525761,45803,864,1.16,955,1.05,72.22,1280x720,Unknown
526708,45359,946,1.06,916,1.09,72.22,1280x720,Unknown
527913,47199,1205,0.83,917,1.09,72.22,1280x720,Unknown
528863,45378,950,1.05,891,1.12,72.22,1280x720,Unknown
529686,46070,822,1.22,897,1.11,72.22,1280x720,Unknown
530882,45727,1195,0.84,911,1.10,71.67,1280x720,Unknown
531679,44649,797,1.25,903,1.11,72.22,1280x720,Unknown
532807,45701,1127,0.89,920,1.09,72.22,1280x720,Unknown
533590,48335,782,1.28,931,1.07,72.22,1280x720,Unknown
534144,45409,553,1.81,923,1.08,72.22,1280x720,Unknown
534782,46073,638,1.57,914,1.09,72.22,1280x720,Unknown
535741,45340,959,1.04,910,1.10,72.22,1280x720,Unknown
536708,45836,966,1.04,884,1.13,72.22,1280x720,Unknown
537339,45454,631,1.58,882,1.13,72.22,1280x720,Unknown
538900,50713,1561,0.64,923,1.08,73.33,1280x720,Unknown
539595,45323,694,1.44,919,1.09,72.22,1280x720,Unknown
540383,47334,788,1.27,922,1.08,72.22,1280x720,Unknown
541076,44665,692,1.45,917,1.09,72.22,1280x720,Unknown
542627,45359,1550,0.65,924,1.08,72.22,1280x720,Unknown
543602,45042,975,1.03,934,1.07,72.78,1280x720,Unknown
544381,44974,779,1.28,930,1.08,72.22,1280x720,Unknown
545096,45322,714,1.40,918,1.09,72.22,1280x720,Unknown
546219,45385,1122,0.89,914,1.09,72.22,1280x720,Unknown
547463,46304,1244,0.80,929,1.08,72.22,1280x720,Unknown
548575,44953,1111,0.90,943,1.06,72.22,1280x720,Unknown
549311,45349,735,1.36,920,1.09,72.22,1280x720,Unknown
550215,44898,904,1.11,926,1.08,72.22,1280x720,Unknown
550939,44522,723,1.38,906,1.10,72.22,1280x720,Unknown
551855,45797,915,1.09,912,1.10,72.78,1280x720,Unknown
552389,44574,534,1.87,911,1.10,72.22,1280x720,Unknown
553330,45982,940,1.06,926,1.08,72.78,1280x720,Unknown
554057,44705,726,1.38,915,1.09,72.22,1280x720,Unknown
554531,45774,474,2.11,890,1.12,72.22,1280x720,Unknown
555095,45430,563,1.78,887,1.13,72.78,1280x720,Unknown
556003,44706,908,1.10,854,1.17,72.22,1280x720,Unknown
556606,48945,603,1.66,850,1.18,72.22,1280x720,Unknown
557250,47998,644,1.55,842,1.19,72.78,1280x720,Unknown
558423,45146,1172,0.85,866,1.15,72.22,1280x720,Unknown
559090,44657,666,1.50,822,1.22,72.22,1280x720,Unknown
559712,44883,622,1.61,804,1.24,72.22,1280x720,Unknown
560822,44967,1109,0.90,821,1.22,72.78,1280x720,Unknown
561879,46291,1057,0.95,838,1.19,72.22,1280x720,Unknown
562526,45027,647,1.55,814,1.23,72.22,1280x720,Unknown
563526,46238,999,1.00,802,1.25,72.22,1280x720,Unknown
564166,45171,639,1.56,779,1.28,72.22,1280x720,Unknown
565086,46374,919,1.09,788,1.27,72.22,1280x720,Unknown
565903,44703,817,1.22,783,1.28,72.22,1280x720,Unknown
566779,47356,875,1.14,791,1.26,72.22,1280x720,Unknown
567725,45272,946,1.06,793,1.26,72.22,1280x720,Unknown
568854,44675,1129,0.89,822,1.22,72.22,1280x720,Unknown
569655,45582,801,1.25,815,1.23,72.22,1280x720,Unknown
571014,45134,1358,0.74,847,1.18,72.22,1280x720,Unknown
571950,45642,935,1.07,870,1.15,72.78,1280x720,Unknown
572375,45043,424,2.36,863,1.16,72.78,1280x720,Unknown
573175,46501,799,1.25,858,1.17,72.22,1280x720,Unknown
574070,46191,895,1.12,872,1.15,72.22,1280x720,Unknown
575087,46074,1016,0.98,891,1.12,72.78,1280x720,Unknown
576221,45584,1134,0.88,889,1.12,72.22,1280x720,Unknown
576686,44929,465,2.15,879,1.14,72.78,1280x720,Unknown
577411,44987,724,1.38,884,1.13,72.22,1280x720,Unknown
578402,45294,991,1.01,878,1.14,72.22,1280x720,Unknown
579207,45431,805,1.24,865,1.16,72.22,1280x720,Unknown
579922,44867,714,1.40,869,1.15,72.22,1280x720,Unknown
580547,47463,625,1.60,850,1.18,72.22,1280x720,Unknown
581250,44561,703,1.42,853,1.17,72.22,1280x720,Unknown
582522,46251,1271,0.79,871,1.15,72.22,1280x720,Unknown
583682,44568,1160,0.86,888,1.13,72.22,1280x720,Unknown
584941,47984,1258,0.79,907,1.10,72.22,1280x720,Unknown
585801,44555,859,1.16,903,1.11,72.22,1280x720,Unknown
586569,47512,768,1.30,885,1.13,72.22,1280x720,Unknown
587353,44641,784,1.28,884,1.13,72.78,1280x720,Unknown
588449,46831,1095,0.91,871,1.15,72.22,1280x720,Unknown
589505,50278,1056,0.95,877,1.14,72.22,1280x720,Unknown
590034,45741,528,1.89,882,1.13,72.22,1280x720,Unknown
590627,44538,593,1.69,872,1.15,72.22,1280x720,Unknown
591075,45897,447,2.24,849,1.18,72.22,1280x720,Unknown
591714,46464,638,1.57,830,1.20,72.78,1280x720,Unknown
592544,46075,830,1.20,815,1.23,72.78,1280x720,Unknown
593069,45894,524,1.91,818,1.22,72.22,1280x720,Unknown
593597,46452,528,1.89,808,1.24,72.22,1280x720,Unknown
594361,45960,763,1.31,797,1.25,72.22,1280x720,Unknown
594977,45300,616,1.62,788,1.27,72.22,1280x720,Unknown
595556,45216,578,1.73,781,1.28,72.22,1280x720,Unknown
596599,44697,1042,0.96,802,1.25,72.22,1280x720,Unknown
597315,45523,716,1.40,802,1.25,72.22,1280x720,Unknown
598586,45354,1270,0.79,802,1.25,72.78,1280x720,Unknown
599625,45442,1039,0.96,796,1.26,72.22,1280x720,Unknown
600105,45343,480,2.08,757,1.32,72.78,1280x720,Unknown
600952,45370,847,1.18,757,1.32,72.22,1280x720,Unknown
601625,46735,672,1.49,752,1.33,72.22,1280x720,Unknown
602426,44606,800,1.25,753,1.33,72.78,1280x720,Unknown
603406,46041,979,1.02,747,1.34,72.22,1280x720,Unknown
604689,46509,1282,0.78,758,1.32,72.22,1280x720,Unknown
605631,44806,942,1.06,779,1.28,72.22,1280x720,Unknown
607042,44472,1411,0.71,820,1.22,74.44,1280x720,Unknown
607625,44564,582,1.72,826,1.21,72.22,1280x720,Unknown
609145,45419,1520,0.66,871,1.15,72.22,1280x720,Unknown
610082,47067,936,1.07,876,1.14,72.22,1280x720,Unknown
610958,45577,876,1.14,893,1.12,72.22,1280x720,Unknown
611704,44628,746,1.34,904,1.11,72.22,1280x720,Unknown
612264,45143,559,1.79,894,1.12,72.22,1280x720,Unknown
613301,45203,1036,0.97,915,1.09,72.22,1280x720,Unknown
614356,45697,1054,0.95,939,1.06,72.78,1280x720,Unknown
615061,45640,705,1.42,922,1.08,72.78,1280x720,Unknown
615781,45282,719,1.39,922,1.08,72.78,1280x720,Unknown
616259,46387,477,2.10,883,1.13,72.78,1280x720,Unknown
616900,45580,641,1.56,863,1.16,72.22,1280x720,Unknown
617797,45370,896,1.12,884,1.13,72.22,1280x720,Unknown
619377,45481,1579,0.63,920,1.09,72.78,1280x720,Unknown
620220,46461,842,1.19,929,1.08,72.22,1280x720,Unknown
620973,44155,753,1.33,926,1.08,72.22,1280x720,Unknown
622512,44631,1539,0.65,954,1.05,72.22,1280x720,Unknown
623771,44947,1259,0.79,953,1.05,72.22,1280x720,Unknown
624418,44187,647,1.55,938,1.07,72.78,1280x720,Unknown
625468,44894,1049,0.95,920,1.09,72.22,1280x720,Unknown
626711,47975,1243,0.80,953,1.05,72.22,1280x720,Unknown
627948,44256,1236,0.81,939,1.06,72.22,1280x720,Unknown
629788,44431,1839,0.54,984,1.02,72.22,1280x720,Unknown
630829,44828,1040,0.96,992,1.01,72.22,1280x720,Unknown
631722,45253,893,1.12,1000,1.00,72.78,1280x720,Unknown
633072,45649,1350,0.74,1039,0.96,72.78,1280x720,Unknown
633775,46335,702,1.42,1023,0.98,72.22,1280x720,Unknown
634488,46158,712,1.40,1006,0.99,72.22,1280x720,Unknown
635379,46637,891,1.12,1015,0.99,72.78,1280x720,Unknown
636093,45550,713,1.40,1015,0.99,72.22,1280x720,Unknown
636889,45603,796,1.26,1031,0.97,72.22,1280x720,Unknown
637844,45555,954,1.05,1046,0.96,72.22,1280x720,Unknown
639297,47446,1453,0.69,1074,0.93,72.22,1280x720,Unknown
640280,46052,982,1.02,1044,0.96,72.78,1280x720,Unknown
640964,45320,684,1.46,1036,0.97,72.22,1280x720,Unknown
642176,46420,1211,0.83,1059,0.94,72.78,1280x720,Unknown
643568,45058,1391,0.72,1052,0.95,72.22,1280x720,Unknown
644337,45841,768,1.30,1027,0.97,72.22,1280x720,Unknown
645373,45004,1036,0.97,1047,0.96,72.78,1280x720,Unknown
646357,45304,984,1.02,1043,0.96,72.78,1280x720,Unknown
647036,44910,678,1.47,1015,0.99,72.78,1280x720,Unknown
647761,44734,724,1.38,990,1.01,72.22,1280x720,Unknown
648559,46884,798,1.25,938,1.07,72.78,1280x720,Unknown
650272,47346,1712,0.58,971,1.03,72.22,1280x720,Unknown
650894,44639,622,1.61,958,1.04,72.22,1280x720,Unknown
651408,44695,514,1.95,916,1.09,72.78,1280x720,Unknown
652525,44944,1116,0.90,936,1.07,72.78,1280x720,Unknown
653957,45567,1431,0.70,972,1.03,72.78,1280x720,Unknown
655198,46274,1241,0.81,990,1.01,72.22,1280x720,Unknown
655995,44694,796,1.26,994,1.01,72.22,1280x720,Unknown
657439,45633,1444,0.69,1026,0.97,72.78,1280x720,Unknown
658428,44996,988,1.01,1028,0.97,72.78,1280x720,Unknown
659487,44885,1059,0.94,1008,0.99,72.22,1280x720,Unknown
659996,44788,508,1.97,985,1.02,72.22,1280x720,Unknown
660672,44570,675,1.48,984,1.02,72.78,1280x720,Unknown
661747,45255,1075,0.93,978,1.02,72.22,1280x720,Unknown
663183,44607,1435,0.70,980,1.02,72.22,1280x720,Unknown
664233,46560,1049,0.95,994,1.01,72.78,1280x720,Unknown
665058,46009,825,1.21,983,1.02,72.78,1280x720,Unknown
666155,45209,1096,0.91,989,1.01,72.22,1280x720,Unknown
666947,44929,792,1.26,995,1.01,72.78,1280x720,Unknown
667562,45073,614,1.63,989,1.01,72.78,1280x720,Unknown
668543,46210,981,1.02,998,1.00,72.78,1280x720,Unknown
669524,45359,980,1.02,962,1.04,72.22,1280x720,Unknown
670955,45985,1430,0.70,1002,1.00,72.78,1280x720,Unknown
671635,44658,680,1.47,1010,0.99,72.78,1280x720,Unknown
672502,44978,866,1.15,998,1.00,72.78,1280x720,Unknown
673207,44775,705,1.42,961,1.04,72.78,1280x720,Unknown
673983,45025,775,1.29,938,1.07,72.78,1280x720,Unknown
674812,45231,829,1.21,940,1.06,72.78,1280x720,Unknown
675521,45635,709,1.41,903,1.11,72.78,1280x720,Unknown
676227,45168,705,1.42,889,1.12,72.22,1280x720,Unknown
676797,46958,569,1.76,864,1.16,72.78,1280x720,Unknown
677602,46585,805,1.24,879,1.14,72.78,1280x720,Unknown
678539,44795,936,1.07,892,1.12,72.78,1280x720,Unknown
679362,44966,823,1.22,880,1.14,72.78,1280x720,Unknown
680142,45002,780,1.28,847,1.18,72.22,1280x720,Unknown
681230,45382,1087,0.92,849,1.18,72.78,1280x720,Unknown
681854,45124,624,1.60,839,1.19,72.78,1280x720,Unknown
682778,47500,923,1.08,830,1.20,72.22,1280x720,Unknown
683338,45149,559,1.79,819,1.22,72.78,1280x720,Unknown
684271,45830,932,1.07,834,1.20,72.78,1280x720,Unknown
684872,45017,601,1.66,815,1.23,72.78,1280x720,Unknown
685584,46813,711,1.41,802,1.25,72.78,1280x720,Unknown
686731,45565,1147,0.87,788,1.27,72.78,1280x720,Unknown
687586,45555,854,1.17,797,1.25,72.78,1280x720,Unknown
688282,45251,696,1.44,788,1.27,72.78,1280x720,Unknown
688964,45109,681,1.47,787,1.27,72.78,1280x720,Unknown
689658,45863,694,1.44,783,1.28,72.22,1280x720,Unknown
690306,44643,647,1.55,774,1.29,72.22,1280x720,Unknown
690979,45732,672,1.49,772,1.30,72.78,1280x720,Unknown
691734,45187,755,1.32,774,1.29,72.78,1280x720,Unknown
692215,44548,480,2.08,770,1.30,72.78,1280x720,Unknown
693060,45922,845,1.18,772,1.30,72.78,1280x720,Unknown
693738,45426,678,1.47,759,1.32,72.22,1280x720,Unknown
694321,45019,583,1.72,747,1.34,72.78,1280x720,Unknown
694807,45716,485,2.06,732,1.37,72.78,1280x720,Unknown
695365,46504,558,1.79,706,1.42,72.78,1280x720,Unknown
695969,45814,603,1.66,705,1.42,72.22,1280x720,Unknown
696916,45998,947,1.06,706,1.42,72.22,1280x720,Unknown
697812,45007,895,1.12,723,1.38,72.78,1280x720,Unknown
698813,44726,1001,1.00,726,1.38,72.78,1280x720,Unknown
699673,45308,859,1.16,739,1.35,72.78,1280x720,Unknown
700291,44261,617,1.62,734,1.36,72.78,1280x720,Unknown
701251,45146,960,1.04,725,1.38,72.22,1280x720,Unknown
702298,45013,1046,0.96,735,1.36,72.78,1280x720,Unknown
703170,44998,872,1.15,743,1.35,72.22,1280x720,Unknown
703974,46522,803,1.25,750,1.33,72.78,1280x720,Unknown
704608,45026,633,1.58,746,1.34,72.78,1280x720,Unknown
705404,45124,796,1.26,754,1.33,72.22,1280x720,Unknown
706450,44808,1046,0.96,773,1.29,72.78,1280x720,Unknown
707088,46376,637,1.57,767,1.30,72.78,1280x720,Unknown
708034,45156,946,1.06,790,1.27,72.78,1280x720,Unknown
709262,46668,1228,0.81,809,1.24,72.78,1280x720,Unknown
710041,45054,779,1.28,814,1.23,72.22,1280x720,Unknown
711097,46497,1055,0.95,838,1.19,72.78,1280x720,Unknown
712241,45584,1143,0.87,871,1.15,72.78,1280x720,Unknown
713186,44934,944,1.06,890,1.12,72.78,1280x720,Unknown
713858,45398,672,1.49,893,1.12,72.78,1280x720,Unknown
714769,45524,910,1.10,892,1.12,72.78,1280x720,Unknown
715806,47428,1036,0.97,899,1.11,72.22,1280x720,Unknown
716841,45833,1035,0.97,900,1.11,72.22,1280x720,Unknown
717509,46284,668,1.50,891,1.12,72.22,1280x720,Unknown
718201,45832,692,1.45,895,1.12,72.78,1280x720,Unknown
718761,46289,559,1.79,875,1.14,72.78,1280x720,Unknown
719478,48499,717,1.39,858,1.17,72.78,1280x720,Unknown
720526,46107,1047,0.96,867,1.15,72.22,1280x720,Unknown
721153,45233,627,1.59,858,1.17,72.22,1280x720,Unknown
721960,45665,806,1.24,867,1.15,72.78,1280x720,Unknown
722984,45327,1024,0.98,878,1.14,72.78,1280x720,Unknown
724243,45053,1258,0.79,889,1.12,72.22,1280x720,Unknown
724990,46580,746,1.34,894,1.12,72.22,1280x720,Unknown
725681,45101,691,1.45,881,1.14,72.78,1280x720,Unknown
726556,46268,874,1.14,864,1.16,72.78,1280x720,Unknown
727290,45140,733,1.36,861,1.16,72.78,1280x720,Unknown
728086,45243,796,1.26,848,1.18,72.22,1280x720,Unknown
728786,46111,699,1.43,826,1.21,72.78,1280x720,Unknown
729473,45737,686,1.46,813,1.23,72.78,1280x720,Unknown
730432,46359,959,1.04,828,1.21,72.78,1280x720,Unknown
731234,45081,801,1.25,822,1.22,72.22,1280x720,Unknown
732098,45084,864,1.16,814,1.23,72.78,1280x720,Unknown
732838,47646,739,1.35,799,1.25,72.78,1280x720,Unknown
733397,44921,559,1.79,793,1.26,72.78,1280x720,Unknown
734443,46010,1045,0.96,811,1.23,72.22,1280x720,Unknown
735074,44712,631,1.58,815,1.23,72.78,1280x720,Unknown
735713,45159,639,1.56,811,1.23,72.78,1280x720,Unknown
736253,44964,539,1.86,785,1.27,72.78,1280x720,Unknown
736797,46118,544,1.84,781,1.28,72.78,1280x720,Unknown
737398,44557,600,1.67,771,1.30,72.78,1280x720,Unknown
738192,45467,794,1.26,759,1.32,72.78,1280x720,Unknown
738669,45073,476,2.10,720,1.39,72.78,1280x720,Unknown
739489,44864,820,1.22,724,1.38,72.78,1280x720,Unknown
740846,45409,1356,0.74,757,1.32,72.78,1280x720,Unknown
741391,45785,545,1.83,741,1.35,72.78,1280x720,Unknown
741873,45700,481,2.08,728,1.37,72.22,1280x720,Unknown
742748,44866,875,1.14,732,1.37,72.22,1280x720,Unknown
743553,45471,804,1.24,737,1.36,72.78,1280x720,Unknown
744141,45434,587,1.70,732,1.37,72.22,1280x720,Unknown
745149,44524,1008,0.99,735,1.36,72.78,1280x720,Unknown
746036,45240,887,1.13,739,1.35,72.78,1280x720,Unknown
747168,45827,1131,0.88,753,1.33,72.78,1280x720,Unknown
747925,45741,757,1.32,753,1.33,72.78,1280x720,Unknown
748505,45571,579,1.73,754,1.33,72.78,1280x720,Unknown
749219,44630,713,1.40,738,1.36,72.22,1280x720,Unknown
750036,44491,817,1.22,747,1.34,72.78,1280x720,Unknown
751246,45712,1210,0.83,776,1.29,72.22,1280x720,Unknown
752349,45654,1102,0.91,804,1.24,72.78,1280x720,Unknown
753170,45513,820,1.22,818,1.22,72.22,1280x720,Unknown
753785,45452,615,1.63,818,1.22,72.22,1280x720,Unknown
754501,46363,715,1.40,814,1.23,72.78,1280x720,Unknown
755333,45821,831,1.20,832,1.20,72.22,1280x720,Unknown
756444,44579,1111,0.90,847,1.18,72.22,1280x720,Unknown
757496,44682,1051,0.95,831,1.20,72.22,1280x720,Unknown
758140,45853,644,1.55,836,1.20,72.22,1280x720,Unknown
758584,44550,443,2.26,835,1.20,72.78,1280x720,Unknown
759554,44999,969,1.03,839,1.19,72.78,1280x720,Unknown
760828,45029,1274,0.78,863,1.16,72.22,1280x720,Unknown
761737,45921,908,1.10,879,1.14,72.78,1280x720,Unknown
762604,45213,867,1.15,872,1.15,72.22,1280x720,Unknown
763459,44240,855,1.17,870,1.15,72.78,1280x720,Unknown
764014,45296,554,1.81,841,1.19,72.78,1280x720,Unknown
764752,45689,738,1.36,840,1.19,72.78,1280x720,Unknown
765425,44547,672,1.49,845,1.18,72.78,1280x720,Unknown
766019,46281,594,1.68,839,1.19,72.78,1280x720,Unknown
766479,44646,460,2.17,821,1.22,72.78,1280x720,Unknown
767076,44379,596,1.68,790,1.27,72.22,1280x720,Unknown
768440,45020,1364,0.73,804,1.24,72.78,1280x720,Unknown
769296,44325,856,1.17,805,1.24,72.78,1280x720,Unknown
770284,44610,987,1.01,824,1.21,72.78,1280x720,Unknown
770972,47759,687,1.46,823,1.22,72.78,1280x720,Unknown
771616,44703,644,1.55,813,1.23,72.78,1280x720,Unknown
772536,44642,919,1.09,804,1.24,72.78,1280x720,Unknown
773557,46168,1021,0.98,802,1.25,72.78,1280x720,Unknown
774247,44648,689,1.45,804,1.24,72.22,1280x720,Unknown
774995,45427,748,1.34,820,1.22,72.78,1280x720,Unknown
775839,46719,843,1.19,813,1.23,72.78,1280x720,Unknown
776719,45297,879,1.14,794,1.26,72.78,1280x720,Unknown
777126,45802,407,2.46,769,1.30,72.22,1280x720,Unknown
777847,45381,720,1.39,761,1.31,72.78,1280x720,Unknown
778508,44749,660,1.52,751,1.33,72.78,1280x720,Unknown
779528,45766,1020,0.98,775,1.29,73.33,1280x720,Unknown
780152,45417,624,1.60,769,1.30,72.78,1280x720,Unknown
781431,46573,1279,0.78,799,1.25,72.78,1280x720,Unknown
782011,45065,579,1.73,799,1.25,72.78,1280x720,Unknown
782882,46182,870,1.15,819,1.22,72.78,1280x720,Unknown
783444,46376,561,1.78,817,1.22,72.78,1280x720,Unknown
784084,46455,640,1.56,781,1.28,72.22,1280x720,Unknown
784923,46248,838,1.19,780,1.28,72.78,1280x720,Unknown
785937,47145,1014,0.99,782,1.28,72.22,1280x720,Unknown
787135,44467,1197,0.84,807,1.24,72.78,1280x720,Unknown
787763,45853,628,1.59,806,1.24,72.78,1280x720,Unknown
788643,45787,879,1.14,804,1.24,72.78,1280x720,Unknown
789384,44813,741,1.35,790,1.27,72.78,1280x720,Unknown
790032,44940,647,1.55,788,1.27,72.78,1280x720,Unknown
791079,44603,1047,0.96,803,1.25,72.78,1280x720,Unknown
792087,44680,1007,0.99,811,1.23,72.78,1280x720,Unknown
793423,44550,1335,0.75,834,1.20,72.78,1280x720,Unknown
795064,45972,1641,0.61,896,1.12,72.22,1280x720,Unknown
796292,44415,1227,0.81,921,1.09,72.78,1280x720,Unknown
797347,45846,1054,0.95,941,1.06,72.22,1280x720,Unknown
798799,45931,1452,0.69,963,1.04,72.78,1280x720,Unknown
799750,47772,951,1.05,979,1.02,72.22,1280x720,Unknown
800486,49066,736,1.36,952,1.05,72.78,1280x720,Unknown
801359,45587,872,1.15,966,1.04,72.22,1280x720,Unknown
802122,46379,763,1.31,961,1.04,72.78,1280x720,Unknown
802958,45323,835,1.20,975,1.03,72.78,1280x720,Unknown
804071,44282,1113,0.90,998,1.00,72.78,1280x720,Unknown
805275,46287,1204,0.83,1017,0.98,72.78,1280x720,Unknown
806415,44574,1140,0.88,1023,0.98,72.22,1280x720,Unknown
807430,44532,1014,0.99,1014,0.99,72.22,1280x720,Unknown
808275,45226,844,1.18,1025,0.98,72.22,1280x720,Unknown
808807,44866,532,1.88,1007,0.99,72.78,1280x720,Unknown
809431,45309,624,1.60,1001,1.00,72.78,1280x720,Unknown
810862,45788,1431,0.70,1041,0.96,72.78,1280x720,Unknown
811764,44406,901,1.11,1033,0.97,72.22,1280x720,Unknown
812391,44795,627,1.59,1014,0.99,72.78,1280x720,Unknown
813087,44378,695,1.44,982,1.02,72.22,1280x720,Unknown
814066,44129,979,1.02,949,1.05,72.78,1280x720,Unknown
814624,44736,557,1.80,916,1.09,72.78,1280x720,Unknown
815327,44749,703,1.42,898,1.11,72.78,1280x720,Unknown
816383,44980,1056,0.95,878,1.14,72.22,1280x720,Unknown
817108,45179,724,1.38,867,1.15,72.78,1280x720,Unknown
817621,46710,513,1.95,856,1.17,72.78,1280x720,Unknown
818578,45668,957,1.04,860,1.16,72.78,1280x720,Unknown
819141,45679,563,1.78,850,1.18,72.22,1280x720,Unknown
819826,46170,684,1.46,843,1.19,72.22,1280x720,Unknown
820522,45504,695,1.44,822,1.22,72.22,1280x720,Unknown
821700,44396,1177,0.85,820,1.22,72.78,1280x720,Unknown
822222,44606,522,1.92,789,1.27,72.78,1280x720,Unknown
823022,44263,799,1.25,779,1.28,73.89,1280x720,Unknown
823738,46018,715,1.40,772,1.30,72.78,1280x720,Unknown
824640,47295,902,1.11,791,1.26,72.78,1280x720,Unknown
825483,45961,843,1.19,802,1.25,72.22,1280x720,Unknown
826147,45211,663,1.51,763,1.31,72.78,1280x720,Unknown
827517,45066,1370,0.73,787,1.27,72.78,1280x720,Unknown
828224,45865,707,1.41,791,1.26,72.78,1280x720,Unknown
828858,44323,634,1.58,788,1.27,72.78,1280x720,Unknown
829658,46966,799,1.25,779,1.28,72.78,1280x720,Unknown
830394,44516,736,1.36,788,1.27,72.78,1280x720,Unknown
831097,45923,703,1.42,788,1.27,72.78,1280x720,Unknown
831683,44698,585,1.71,764,1.31,72.78,1280x720,Unknown
832955,45715,1272,0.79,791,1.26,72.78,1280x720,Unknown
833738,44565,782,1.28,805,1.24,72.78,1280x720,Unknown
834910,44668,1172,0.85,816,1.23,72.78,1280x720,Unknown
835597,46085,687,1.46,822,1.22,72.22,1280x720,Unknown
836454,45078,856,1.17,830,1.20,72.78,1280x720,Unknown
837245,44441,791,1.26,835,1.20,72.78,1280x720,Unknown
837978,43990,733,1.36,813,1.23,72.78,1280x720,Unknown
839170,44747,1191,0.84,847,1.18,72.78,1280x720,Unknown
840214,45676,1044,0.96,859,1.16,72.78,1280x720,Unknown
841010,46537,795,1.26,863,1.16,72.22,1280x720,Unknown
841573,45619,562,1.78,846,1.18,72.78,1280x720,Unknown
842466,48038,892,1.12,848,1.18,72.22,1280x720,Unknown
843134,44989,668,1.50,848,1.18,72.78,1280x720,Unknown
843945,45398,810,1.23,820,1.22,72.78,1280x720,Unknown
844483,44603,538,1.86,812,1.23,72.78,1280x720,Unknown
845269,46437,785,1.27,820,1.22,72.78,1280x720,Unknown
845754,44916,484,2.07,804,1.24,72.78,1280x720,Unknown
846555,45740,801,1.25,807,1.24,72.78,1280x720,Unknown
847443,45063,888,1.13,816,1.23,73.33,1280x720,Unknown
848134,44877,690,1.45,822,1.22,72.78,1280x720,Unknown
848850,44025,716,1.40,794,1.26,72.78,1280x720,Unknown
850129,44617,1278,0.78,819,1.22,72.78,1280x720,Unknown
851265,45103,1135,0.88,817,1.22,72.78,1280x720,Unknown
852153,45765,888,1.13,827,1.21,72.78,1280x720,Unknown
852974,45780,820,1.22,825,1.21,72.78,1280x720,Unknown
853517,48384,543,1.84,813,1.23,72.78,1280x720,Unknown
853979,46123,462,2.16,799,1.25,72.78,1280x720,Unknown
855507,45458,1527,0.65,816,1.23,72.78,1280x720,Unknown
856385,45100,877,1.14,807,1.24,73.33,1280x720,Unknown
857397,44983,1011,0.99,818,1.22,72.78,1280x720,Unknown
858749,45153,1352,0.74,858,1.17,72.78,1280x720,Unknown
859456,44925,706,1.42,848,1.18,73.33,1280x720,Unknown
860606,46352,1150,0.87,873,1.15,72.78,1280x720,Unknown
861689,46720,1083,0.92,886,1.13,72.78,1280x720,Unknown
862844,46074,1154,0.87,917,1.09,72.78,1280x720,Unknown
864041,46650,1196,0.84,938,1.07,72.78,1280x720,Unknown
864923,45743,881,1.14,957,1.04,72.78,1280x720,Unknown
865561,47417,638,1.57,949,1.05,72.78,1280x720,Unknown
866329,47255,768,1.30,943,1.06,72.78,1280x720,Unknown
867247,47834,917,1.09,955,1.05,72.78,1280x720,Unknown
867929,46433,682,1.47,953,1.05,72.78,1280x720,Unknown
868541,45247,611,1.64,920,1.09,72.78,1280x720,Unknown
869174,45818,633,1.58,894,1.12,72.78,1280x720,Unknown
870442,45919,1267,0.79,913,1.10,72.78,1280x720,Unknown
871317,45774,875,1.14,916,1.09,72.78,1280x720,Unknown
872691,44491,1374,0.73,958,1.04,72.78,1280x720,Unknown
873232,43966,540,1.85,962,1.04,72.78,1280x720,Unknown
874194,46066,961,1.04,933,1.07,72.78,1280x720,Unknown
874761,44474,567,1.76,918,1.09,72.78,1280x720,Unknown
875545,45853,784,1.28,906,1.10,72.22,1280x720,Unknown
876521,43339,975,1.03,888,1.13,72.78,1280x720,Unknown
877153,44163,632,1.58,884,1.13,72.78,1280x720,Unknown
878119,44494,966,1.04,875,1.14,72.78,1280x720,Unknown
878921,41780,801,1.25,861,1.16,72.78,1280x720,Unknown
879732,46391,811,1.23,843,1.19,72.78,1280x720,Unknown
880664,47488,932,1.07,830,1.20,72.22,1280x720,Unknown
881704,44805,1039,0.96,838,1.19,72.22,1280x720,Unknown
882277,44083,573,1.75,835,1.20,72.78,1280x720,Unknown
882824,46804,546,1.83,824,1.21,72.78,1280x720,Unknown
883739,44963,915,1.09,824,1.21,72.22,1280x720,Unknown
884823,45863,1083,0.92,844,1.18,72.78,1280x720,Unknown
885709,44787,885,1.13,857,1.17,72.78,1280x720,Unknown
886783,46217,1074,0.93,880,1.14,72.78,1280x720,Unknown
888127,46605,1343,0.74,883,1.13,72.78,1280x720,Unknown
888980,44935,852,1.17,882,1.13,72.78,1280x720,Unknown
889744,44603,764,1.31,852,1.17,72.78,1280x720,Unknown
890246,46080,501,2.00,850,1.18,72.78,1280x720,Unknown
890829,45045,583,1.72,831,1.20,72.78,1280x720,Unknown
891302,45294,473,2.11,826,1.21,72.22,1280x720,Unknown
892028,44128,725,1.38,823,1.22,72.78,1280x720,Unknown
892896,45908,868,1.15,818,1.22,72.78,1280x720,Unknown
893872,45122,976,1.02,835,1.20,72.78,1280x720,Unknown
895620,46281,1747,0.57,874,1.14,72.78,1280x720,Unknown
896698,46208,1077,0.93,888,1.13,72.22,1280x720,Unknown
897729,45927,1031,0.97,899,1.11,72.78,1280x720,Unknown
898452,45054,722,1.39,888,1.13,72.78,1280x720,Unknown
899220,46938,768,1.30,875,1.14,72.22,1280x720,Unknown
899782,45119,561,1.78,874,1.14,72.78,1280x720,Unknown
901355,46658,1573,0.64,926,1.08,72.78,1280x720,Unknown
901884,46713,529,1.89,906,1.10,72.78,1280x720,Unknown
902679,46191,794,1.26,892,1.12,72.78,1280x720,Unknown
903456,47524,777,1.29,886,1.13,72.78,1280x720,Unknown
904423,47833,966,1.04,881,1.14,72.78,1280x720,Unknown
905747,46639,1323,0.76,880,1.14,72.22,1280x720,Unknown
906764,45856,1016,0.98,888,1.13,72.78,1280x720,Unknown
907731,46910,967,1.03,898,1.11,72.78,1280x720,Unknown
908252,45582,520,1.92,899,1.11,72.78,1280x720,Unknown
908985,46975,732,1.37,907,1.10,72.78,1280x720,Unknown
910348,46005,1363,0.73,951,1.05,72.78,1280x720,Unknown
911885,47090,1536,0.65,992,1.01,72.78,1280x720,Unknown
913040,48915,1155,0.87,1006,0.99,72.78,1280x720,Unknown
913768,46206,727,1.38,994,1.01,72.78,1280x720,Unknown
915371,47923,1603,0.62,987,1.01,72.78,1280x720,Unknown
916665,46060,1294,0.77,997,1.00,72.78,1280x720,Unknown
917709,47136,1043,0.96,998,1.00,72.78,1280x720,Unknown
918482,44348,772,1.30,1000,1.00,72.78,1280x720,Unknown
919212,45471,729,1.37,999,1.00,72.78,1280x720,Unknown
920488,46153,1276,0.78,1034,0.97,72.78,1280x720,Unknown
921371,47693,883,1.13,1000,1.00,72.78,1280x720,Unknown
921920,44876,548,1.82,1001,1.00,72.22,1280x720,Unknown
922888,45264,967,1.03,1009,0.99,72.78,1280x720,Unknown
924377,47453,1489,0.67,1045,0.96,72.78,1280x720,Unknown
925400,46672,1022,0.98,1048,0.95,72.78,1280x720,Unknown
927159,46089,1758,0.57,1070,0.93,72.78,1280x720,Unknown
928472,46433,1313,0.76,1084,0.92,72.78,1280x720,Unknown
929299,46711,827,1.21,1077,0.93,72.22,1280x720,Unknown
930083,47856,784,1.28,1091,0.92,72.78,1280x720,Unknown
931216,46084,1132,0.88,1111,0.90,72.78,1280x720,Unknown
932417,45495,1201,0.83,1102,0.91,72.78,1280x720,Unknown
933118,44812,701,1.43,1061,0.94,72.78,1280x720,Unknown
933808,46065,689,1.45,1037,0.96,72.78,1280x720,Unknown
934427,44574,619,1.62,1032,0.97,72.78,1280x720,Unknown
935555,44793,1127,0.89,1008,0.99,72.22,1280x720,Unknown
936335,44974,780,1.28,983,1.02,72.22,1280x720,Unknown
936940,46408,604,1.66,961,1.04,72.78,1280x720,Unknown
937839,47173,898,1.11,967,1.03,72.78,1280x720,Unknown
938719,47043,879,1.14,974,1.03,72.22,1280x720,Unknown
939439,45265,720,1.39,947,1.06,72.78,1280x720,Unknown
941047,45262,1608,0.62,983,1.02,72.22,1280x720,Unknown
941839,44727,791,1.26,995,1.01,72.78,1280x720,Unknown
942838,45582,999,1.00,997,1.00,72.78,1280x720,Unknown
943469,45630,630,1.59,954,1.05,72.22,1280x720,Unknown
944554,46210,1085,0.92,957,1.04,72.22,1280x720,Unknown
945795,45049,1240,0.81,931,1.07,72.78,1280x720,Unknown
946576,45825,780,1.28,904,1.11,72.22,1280x720,Unknown
947710,45466,1133,0.88,920,1.09,72.22,1280x720,Unknown
948625,45976,915,1.09,926,1.08,72.22,1280x720,Unknown
949510,45246,884,1.13,914,1.09,72.22,1280x720,Unknown
950155,47310,645,1.55,886,1.13,72.22,1280x720,Unknown
951322,45130,1167,0.86,909,1.10,72.22,1280x720,Unknown
952226,45404,903,1.11,920,1.09,72.78,1280x720,Unknown
953035,44873,808,1.24,929,1.08,72.22,1280x720,Unknown
953825,46115,790,1.27,912,1.10,72.22,1280x720,Unknown
954598,46220,772,1.30,912,1.10,72.22,1280x720,Unknown
955765,45117,1167,0.86,940,1.06,72.22,1280x720,Unknown
956830,45633,1065,0.94,949,1.05,72.78,1280x720,Unknown
957922,45654,1092,0.92,959,1.04,72.22,1280x720,Unknown
958632,45263,709,1.41,959,1.04,72.22,1280x720,Unknown
959684,46133,1052,0.95,931,1.07,72.78,1280x720,Unknown
960749,46049,1064,0.94,945,1.06,72.78,1280x720,Unknown
962069,45469,1320,0.76,961,1.04,72.78,1280x720,Unknown
962779,45151,710,1.41,965,1.04,72.78,1280x720,Unknown
963586,45550,806,1.24,951,1.05,72.78,1280x720,Unknown
964588,48219,1002,1.00,939,1.06,72.78,1280x720,Unknown
965666,45650,1077,0.93,954,1.05,72.78,1280x720,Unknown
966469,46419,803,1.25,937,1.07,72.22,1280x720,Unknown
967821,46001,1351,0.74,959,1.04,72.78,1280x720,Unknown
969024,44937,1203,0.83,975,1.03,72.78,1280x720,Unknown
969918,45343,894,1.12,987,1.01,72.22,1280x720,Unknown
970673,44763,754,1.33,967,1.03,72.78,1280x720,Unknown
971460,45394,786,1.27,961,1.04,72.78,1280x720,Unknown
971894,47626,433,2.31,942,1.06,72.22,1280x720,Unknown
972559,45615,665,1.50,936,1.07,72.78,1280x720,Unknown
973446,45626,886,1.13,941,1.06,72.22,1280x720,Unknown
